,Planet,Earth_Masses,Temperature_Kelvin,Year,Distance
0,11 Com b,5125.4784,849.8,2008,289.814
1,11 UMi b,3523.4486,1176.6,2009,398.046
2,14 And b,1488.5752,862.8,2008,258.192
3,14 Her b,1657.327,182.4,2002,59.006
4,18 Del b,3272.7044,475.9,2008,245.478
5,24 Sex b,583.4808,450.9,2010,243.848
6,24 Sex c,482.1026,421.6,2010,243.848
7,30 Ari B b,3139.2284,365.3,2009,136.268
8,4 UMa b,2266.5496,1774.3,2007,255.91
9,42 Dra b,1186.0296,1117.7,2009,314.59
10,47 UMa b,809.1188,210.3,1996,45.84538
11,47 UMa c,173.5188,167.1,2001,45.84538
12,51 Peg b,146.5058,1245.2,1995,47.922
13,55 Cnc b,254.5578,723.9,1996,40.2284
14,55 Cnc c,52.437,517.8,2002,40.2284
15,55 Cnc d,1126.601,105,2002,40.2284
16,55 Cnc e,8.2628,1957.9,2004,40.2284
17,55 Cnc f,54.9794,335.4,2007,40.2284
18,6 Lyn b,702.0202,392.3,2008,181.908
19,61 Vir b,5.0848,1265.9,2009,27.7752
20,61 Vir c,10.4874,615.2,2009,27.7752
21,61 Vir d,22.8816,478.4,2009,27.7752
22,7 CMa b,772.8896,279.6,2011,64.385
23,70 Vir b,2371.1058,627.7,1996,59.006
24,75 Cet b,877.128,579.9,2012,265.364
25,81 Cet b,1370.0358,688.4,2008,301.55
26,CoRoT-1 b,326.0628,1899.4,2007,1499.6
27,CoRoT-10 b,875.2212,976.8,2010,1124.7
28,CoRoT-11 b,740.7918,1731.5,2010,1825.6
29,CoRoT-12 b,291.1048,1496,2010,3749
30,CoRoT-13 b,416.318,1274.7,2010,4270.6
31,CoRoT-14 b,2405.1104,1951,2010,4368.4
32,CoRoT-16 b,170.3408,1460.5,2010,2738.4
33,CoRoT-17 b,781.4702,1552.5,2010,2999.2
34,CoRoT-18 b,1105.944,1557.3,2011,2836.2
35,CoRoT-19 b,351.8046,1699.8,2011,2608
36,CoRoT-2 b,1040.1594,1548,2007,978
37,CoRoT-20 b,1348.1076,1440.9,2011,4009.8
38,CoRoT-22 b,13.0298,1046.1,2014,1929.92
39,CoRoT-23 b,977.8706,1791.2,2011,1956
40,CoRoT-25 b,84.217,1321.4,2013,3260
41,CoRoT-26 b,152.2262,1574.1,2013,5444.2
43,CoRoT-28 b,153.8152,1396.9,2015,1825.6
44,CoRoT-29 b,270.7656,1272.2,2015,2493.9
45,CoRoT-3 b,6927.7222,1694.4,2008,2216.8
47,CoRoT-5 b,146.5058,1507.1,2008,1304
49,CoRoT-7 b,4.4492,1809.3,2009,489
50,CoRoT-8 b,68.6448,853.7,2010,1238.8
51,CoRoT-9 b,268.2232,436.9,2010,1499.6
53,HAT-P-1 b,168.7518,1304.7,2006,453.14
54,HAT-P-11 b,26.3774,972.3,2009,123.88
55,HAT-P-12 b,67.0558,958.2,2009,464.55
56,HAT-P-13 b,270.4478,1658.6,2009,697.64
57,HAT-P-13 c,4535.006,528.6,2009,697.64
58,HAT-P-14 b,706.1516,1657,2010,668.3
59,HAT-P-15 b,620.0278,998,2010,619.4
60,HAT-P-16 b,1333.171,1654.4,2010,766.1
61,HAT-P-17 b,168.434,963.3,2010,293.4
62,HAT-P-18 b,62.6066,885.3,2010,541.16
63,HAT-P-19 b,92.7976,1044.4,2010,700.9
64,HAT-P-2 b,2814.4368,2055.1,2007,384.68
65,HAT-P-20 b,2312.9484,977.9,2010,228.2
66,HAT-P-21 b,1294.3994,1448.8,2010,828.04
67,HAT-P-22 b,682.6344,1291.5,2010,267.32
68,HAT-P-23 b,663.5664,2168.4,2010,1281.18
69,HAT-P-24 b,218.0108,1692.9,2010,1290.96
70,HAT-P-25 b,180.1926,1222.9,2010,968.22
71,HAT-P-26 b,18.7502,1061.5,2010,436.84
72,HAT-P-27 b,195.447,1167.7,2011,665.04
73,HAT-P-28 b,199.2606,1417.7,2011,1287.7
74,HAT-P-29 b,247.2484,1321.7,2011,1049.72
75,HAT-P-3 b,189.091,1157.9,2007,423.8
76,HAT-P-30 b,224.6846,1666,2011,629.18
77,HAT-P-31 b,688.3548,1586.5,2011,1154.04
78,HAT-P-32 b,273.6258,1785,2011,922.58
79,HAT-P-33 b,242.1636,1779.5,2011,1261.62
80,HAT-P-34 b,1058.274,1746.2,2012,837.82
81,HAT-P-35 b,334.6434,1598.2,2012,1744.1
82,HAT-P-36 b,583.163,1878.4,2012,1033.42
83,HAT-P-37 b,372.4616,1313.8,2012,1339.86
84,HAT-P-38 b,84.8526,1117.7,2012,811.74
85,HAT-P-39 b,190.0444,1750.9,2012,2092.92
86,HAT-P-4 b,213.5616,1694.2,2007,1010.6
87,HAT-P-40 b,197.036,1765.1,2012,1633.26
88,HAT-P-41 b,254.24,1937,2012,1121.44
89,HAT-P-44 b,108.052,1293.9,2013,1219.24
90,HAT-P-45 b,284.1132,1690.2,2013,994.3
91,HAT-P-46 b,157.6288,1550.2,2013,964.96
92,HAT-P-49 b,548.5228,2127.8,2014,1049.72
93,HAT-P-5 b,334.9612,1537.1,2007,1108.4
94,HAT-P-54 b,241.8458,819.2,2014,442.708
95,HAT-P-56 b,686.448,1839,2015,1012.23
96,HAT-P-57 b,448.7336,2197.7,2015,987.78
97,HAT-P-6 b,335.5968,1672.5,2007,652
98,HAT-P-7 b,565.3662,2225.2,2008,1043.2
99,HAT-P-8 b,410.5976,1772,2008,749.8
100,HAT-P-9 b,246.295,1529.9,2008,1564.8
101,HATS-1 b,591.108,1457.6,2012,987.78
102,HATS-10 b,166.5272,1406.1,2015,1616.96
103,HATS-13 b,172.2476,1244.9,2015,1551.76
104,HATS-14 b,339.4104,1274.6,2015,1672.38
105,HATS-2 b,428.3944,1575.3,2013,1173.6
106,HATS-3 b,340.3638,1647.3,2013,1812.56
107,HATS-4 b,399.4746,1394.7,2014,1369.2
108,HATS-5 b,75.6364,1035,2014,837.82
109,HATS-6 b,101.696,712.1,2014,562.676
110,HATS-9 b,264.4096,1816.4,2015,2027.72
111,HD 100655 b,423.9452,893,2011,397.72
112,HD 100777 b,370.237,343.7,2007,172.128
113,HD 10180 c,13.3476,1233.4,2010,128.444
114,HD 10180 d,12.0764,903.9,2010,128.444
115,HD 10180 e,25.424,597.3,2010,128.444
116,HD 10180 f,23.5172,459.1,2010,128.444
117,HD 10180 g,21.2926,251.6,2010,128.444
118,HD 10180 h,65.4668,176,2010,128.444
119,HD 101930 b,95.0222,517.1,2005,99.3974
120,HD 102117 b,54.026,799.5,2004,136.92
121,HD 102195 b,143.9634,1128,2005,94.4748
122,HD 102272 b,1305.8402,1183.8,2008,1173.6
123,HD 102329 b,1423.1084,516.4,2011,515.08
124,HD 102365 b,16.2078,446.9,2011,30.1224
125,HD 102956 b,302.2278,1624.9,2010,410.76
126,HD 103197 b,31.1444,516.3,2009,160.718
127,HD 103774 b,116.9504,1481.3,2013,179.3
128,HD 104067 b,59.1108,431.7,2009,67.808
130,HD 104985 b,1562.6226,787.9,2003,316.546
131,HD 106252 b,2211.5702,257.8,2002,122.0544
132,HD 106270 b,3523.4486,272.3,2011,276.774
133,HD 10647 b,293.965,245.9,2003,56.398
134,HD 10697 b,1981.483,245.3,2000,106.1456
135,HD 107148 b,67.3736,563.2,2006,167.238
136,HD 108147 b,81.9924,1548.4,2002,125.7382
137,HD 108341 b,1104.9906,400,2014,161.044
138,HD 108863 b,879.0348,530.7,2011,453.14
139,HD 108874 b,409.962,298.2,2003,223.31
140,HD 108874 c,326.6984,201.5,2005,223.31
141,HD 109246 b,244.0704,526.7,2010,213.856
142,HD 111232 b,2174.3876,197.1,2004,94.54
143,HD 113337 b,899.374,519.8,2013,120.294
144,HD 114386 b,433.4792,160.9,2003,91.4104
145,HD 114613 b,160.8068,191.6,2014,67.3842
146,HD 114762 b,3697.603,541.7,1992,128.6396
147,HD 114783 b,351.169,227.4,2001,66.504
148,HD 11506 b,1504.783,243.1,2007,168.542
149,HD 11506 c,114.408,438.8,2009,168.542
150,HD 116029 b,606.3624,405.7,2011,400.98
151,HD 117207 b,578.0782,150.5,2004,107.58
152,HD 11755 b,2081.9078,1158.8,2015,754.69
153,HD 117618 b,56.2506,974.7,2004,123.88
154,HD 118203 b,678.8208,1796.1,2005,288.836
155,HD 11977 b,2351.72,626.7,2005,216.79
156,HD 120084 b,1422.7906,647.9,2013,319.48
157,HD 121504 b,388.3516,476.6,2003,144.6462
158,HD 125595 b,13.3476,845.5,2009,89.324
159,HD 125612 b,975.0104,336.9,2007,172.1932
160,HD 125612 c,18.4324,1492.1,2009,172.1932
161,HD 12648 b,921.3022,978.7,2015,516.384
162,HD 12661 b,743.9698,395.9,2000,121.1416
163,HD 12661 c,619.3922,170.1,2002,121.1416
164,HD 126614 A b,122.6708,240,2010,236.676
165,HD 128311 b,463.0346,216.7,2002,54.116
166,HD 128311 c,1032.2144,157.7,2005,54.116
167,HD 130322 b,331.4654,853.9,1999,97.8
168,HD 131496 b,712.1898,381.7,2011,358.6
170,HD 13189 b,2263.6894,1243.6,2005,603.1
171,HD 132563 B b,474.1576,222.6,2011,312.96
172,HD 134987 b,496.7214,380.2,1999,72.372
173,HD 134987 c,255.829,132.2,2009,72.372
174,HD 136418 b,633.3754,478.6,2010,320.132
175,HD 137388 b,72.4584,331.2,2011,123.88
176,HD 13908 b,274.897,1017.6,2013,232.438
177,HD 13908 c,1630.314,291.3,2013,232.438
178,HD 13931 b,597.7818,138.4,2010,144.092
179,HD 139357 b,3201.835,434.5,2009,385.332
180,HD 141937 b,3011.155,309,2002,109.0796
181,HD 142245 b,600.642,299.9,2011,355.34
182,HD 142415 b,528.1836,413.4,2003,111.492
183,HD 145377 b,1837.5196,522.1,2008,179.3
184,HD 145457 b,944.5016,861.3,2010,410.76
185,HD 1461 b,7.6272,1261.7,2009,76.284
186,HD 147018 b,675.9606,755.5,2009,140.0496
187,HD 147018 c,2095.5732,208.5,2009,140.0496
188,HD 148156 b,269.4944,295.6,2009,172.943
189,HD 148427 b,363.5632,507.2,2009,193.318
190,HD 149026 b,114.408,1672.6,2005,257.214
191,HD 149143 b,422.0384,1624.7,2005,205.38
192,HD 1502 b,923.8446,475.8,2011,518.34
193,HD 152581 b,481.1492,397.5,2011,606.36
194,HD 153950 b,871.4076,342,2008,161.37
195,HD 154345 b,304.1346,131.4,2006,58.8756
196,HD 154672 b,1590.9068,653.8,2008,214.508
197,HD 154857 b,714.4144,441.6,2004,209.292
198,HD 154857 c,819.6062,164.3,2014,209.292
199,HD 155233 b,633.6932,331.9,2015,244.826
200,HD 155358 b,260.2782,471.3,2007,140.18
201,HD 155358 c,256.4646,370.8,2007,140.18
202,HD 156279 b,3109.673,677.2,2011,119.316
203,HD 156411 b,232.9474,320.9,2009,179.626
204,HD 156668 b,4.1314,892.8,2010,79.87
205,HD 156846 b,3498.3424,900.9,2008,159.74
206,HD 158038 b,570.1332,527.5,2011,335.78
207,HD 159243 b,359.114,950,2013,225.592
208,HD 159243 c,603.82,362.1,2013,225.592
209,HD 159868 b,699.16,241.7,2007,171.802
210,HD 159868 c,231.994,390.1,2012,171.802
211,HD 1605 b,307.9482,382,2015,275.796
212,HD 1605 c,1113.2534,250.7,2015,275.796
213,HD 16175 b,1391.6462,348.4,2007,194.948
214,HD 162020 b,4835.0092,724.4,2002,101.9076
215,HD 163607 b,244.3882,1117.6,2011,224.94
216,HD 163607 c,728.3976,238.6,2011,224.94
217,HD 16417 b,21.2926,1028.3,2009,83.13
218,HD 164509 b,152.544,364.1,2011,169.52
219,HD 164922 b,113.7724,174.3,2006,71.4918
220,HD 1666 b,2056.4838,718.5,2015,360.556
221,HD 167042 b,520.2386,458.5,2007,163.7498
222,HD 168443 b,2446.1066,896.8,1998,121.8588
223,HD 168443 c,5525.2708,222.5,2001,121.8588
224,HD 168746 b,77.861,1045,2002,140.5712
225,HD 1690 b,2073.9628,1382,2010,1039.94
226,HD 169830 b,918.1242,537.7,2000,118.4032
227,HD 169830 c,1291.5392,259.3,2003,118.4032
228,HD 170469 b,212.6082,219.5,2007,211.8022
229,HD 17092 b,1576.9236,737.4,2007,355.34
230,HD 171028 b,631.7864,544.4,2007,293.4
231,HD 171238 b,829.1402,218.7,2009,163.9128
232,HD 17156 b,1048.74,1579.1,2007,255.0624
233,HD 173416 b,863.7804,893.7,2009,440.1
234,HD 175541 b,167.7984,538.5,2007,417.28
235,HD 178911 B b,2317.0798,467.5,2001,152.3398
236,HD 179079 b,26.6952,981.1,2009,207.6294
237,HD 179949 b,286.6556,1589.1,2000,88.02
238,HD 180314 b,7190.5428,619.6,2010,430.32
239,HD 180902 b,497.0392,425.3,2010,358.6
240,HD 181342 b,1000.7522,432,2010,360.556
241,HD 181433 b,7.6272,1092.2,2008,85.249
242,HD 181433 c,203.392,213.6,2008,85.249
243,HD 181433 d,170.023,191.6,2008,85.249
244,HD 181720 b,118.2216,266.1,2009,182.56
245,HD 183263 b,1135.8172,309,2004,179.626
246,HD 183263 c,1104.6728,167.3,2008,179.626
247,HD 185269 b,303.1812,1998.4,2006,163.9128
248,HD 187085 b,255.5112,323.6,2006,146.6348
249,HD 187123 b,162.078,1468.4,1998,157.458
250,HD 187123 c,617.1676,157.7,2007,157.458
251,HD 18742 b,910.1792,434,2011,440.1
252,HD 190647 b,604.7734,248.3,2007,176.692
253,HD 192263 b,203.0742,542.8,1999,64.874
254,HD 192699 b,728.3976,476.4,2007,213.856
255,HD 197037 b,256.4646,244.3,2012,105.298
256,HD 200964 b,619.3922,380.3,2010,222.984
257,HD 200964 c,300.6388,373.1,2010,222.984
258,HD 202206 b,5346.6672,409.1,2002,151.0684
259,HD 202206 c,740.7918,205.1,2004,151.0684
260,HD 2039 b,1882.965,387.5,2002,292.748
261,HD 204313 b,1112.6178,191.8,2009,154.4262
262,HD 204313 d,510.3868,164.6,2012,154.4262
263,HD 204941 b,84.8526,177.2,2011,88.02
264,HD 205739 b,472.5686,445.6,2008,294.378
265,HD 206610 b,626.3838,476.7,2010,632.44
266,HD 20782 b,603.82,1457.4,2006,115.6974
267,HD 207832 b,179.2392,371.2,2012,177.344
268,HD 207832 c,231.994,210.5,2012,177.344
269,HD 20794 b,2.5424,830.1,2011,19.7556
270,HD 20794 c,2.2246,639.2,2011,19.7556
271,HD 20794 d,4.767,487.7,2011,19.7556
272,HD 208487 b,162.7136,510.7,2004,146.7
273,HD 208527 b,3182.4492,896.9,2012,1043.852
274,HD 20868 b,638.4602,510.7,2008,150.612
275,HD 209458 b,218.9642,1446,1999,153.22
276,HD 210277 b,404.5594,337.2,1998,69.4054
277,HD 210702 b,592.697,515.6,2007,178.974
278,HD 212771 b,858.06,482.8,2010,427.06
279,HD 215497 b,6.6738,1310.8,2009,143.44
280,HD 215497 c,104.2384,320.7,2009,143.44
281,HD 216437 b,688.9904,253.6,2002,86.39
283,HD 216770 b,205.6166,497.5,2003,123.88
284,HD 217107 b,445.2378,1315.9,1998,64.7436
285,HD 217107 c,831.047,209.9,2005,64.7436
286,HD 217786 b,4190.8286,258.2,2010,178.974
287,HD 218566 b,67.6914,257.5,2010,93.073
288,HD 219828 b,19.7036,1516.5,2007,264.386
289,HD 220074 b,3555.5464,1196.1,2012,946.052
290,HD 220773 b,460.81,213.9,2012,159.74
291,HD 221287 b,989.947,297.6,2007,172.454
292,HD 222155 b,643.8628,172.9,2012,160.066
293,HD 224693 b,227.227,736.4,2006,306.44
294,HD 22781 b,4398.352,447.5,2011,103.6354
295,HD 23079 b,776.3854,257.4,2001,113.448
296,HD 23127 b,446.509,299.2,2007,290.466
297,HD 231701 b,345.4486,471.6,2007,353.384
298,HD 23596 b,2460.7254,279.8,2002,169.52
299,HD 240210 b,2316.4442,807.3,2009,466.18
300,HD 24040 b,1278.1916,139.4,2006,151.916
301,HD 24064 b,3003.8456,1313,2015,861.944
302,HD 25171 b,303.8168,183.9,2010,179.3
303,HD 2638 b,151.5906,1282,2005,175.0946
304,HD 27894 b,196.4004,756.3,2005,138.1262
305,HD 28185 b,1842.2866,277.5,2001,128.444
306,HD 28254 b,368.9658,535.4,2009,183.212
307,HD 285507 b,291.4226,758,2013,134.76514
308,HD 28678 b,603.82,585.8,2011,740.02
309,HD 290327 b,809.7544,150.5,2009,178.974
310,HD 2952 b,514.836,763.6,2013,374.9
311,HD 30177 b,3078.8464,169.8,2002,179.3
312,HD 30562 b,423.6274,450.4,2009,86.39
313,HD 30856 b,590.1546,421.6,2011,384.68
314,HD 31253 b,159.2178,392.5,2010,163.978
315,HD 32518 b,1063.041,1420,2009,393.156
316,HD 32963 b,222.46,139.8,2015,118.6314
317,HD 330075 b,198.3072,1342.2,2004,163.652
318,HD 33142 b,448.4158,515.1,2011,410.76
319,HD 33283 b,104.874,1267.8,2006,280.36
320,HD 33844 b,622.888,462.9,2015,328.934
321,HD 33844 c,562.1882,386.3,2015,328.934
322,HD 34445 b,251.3798,270.4,2010,151.59
323,HD 3651 b,72.7762,705.2,2003,35.86
324,HD 37124 b,214.1972,328,1999,107.58
325,HD 37124 c,205.9344,190.5,2005,107.58
326,HD 37124 d,218.3286,151.8,2003,107.58
327,HD 37605 b,890.4756,831,2004,139.854
328,HD 37605 c,1069.7148,129.6,2012,139.854
329,HD 38283 b,107.4164,456.4,2011,122.902
330,HD 38801 b,3181.178,299.1,2010,324.044
331,HD 39091 b,3205.9664,280.5,2001,59.7232
332,HD 40307 b,4.1314,1015.1,2008,41.728
333,HD 40307 c,6.6738,776.9,2008,41.728
334,HD 40307 d,8.8984,604.1,2008,41.728
335,HD 4113 b,523.7344,809,2007,143.44
336,HD 4203 b,661.6596,395.1,2001,253.6932
337,HD 4208 b,256.4646,201.9,2001,110.514
338,HD 4308 b,15.2544,721.3,2005,71.394
339,HD 4313 b,690.2616,465.9,2010,446.62
340,HD 43197 b,189.7266,735.4,2009,178.974
341,HD 43691 b,793.5466,760.3,2007,303.832
342,HD 44219 b,187.1842,475.9,2009,164.4018
343,HD 45350 b,583.4808,447.7,2004,159.74
344,HD 45364 b,59.4286,352.3,2009,106.276
345,HD 45364 c,209.4302,294.6,2009,106.276
346,HD 45652 b,148.7304,725.8,2008,117.36
347,HD 47186 b,22.5638,1329,2008,123.3584
348,HD 47186 c,110.5944,217.3,2008,123.3584
349,HD 4732 b,755.4106,553.1,2012,184.19
350,HD 4732 c,751.597,299.3,2012,184.19
351,HD 49674 b,32.4156,1127.6,2002,132.682
352,HD 50499 b,554.561,187.3,2005,154.0676
353,HD 50554 b,1398.0022,285.3,2002,101.1578
354,HD 52265 b,340.3638,585.3,2000,91.606
355,HD 5319 b,560.917,366.7,2007,371.64
356,HD 5319 c,365.47,353.5,2014,371.64
357,HD 5608 b,468.4372,437.9,2012,183.864
358,HD 5891 b,1661.4584,1038.2,2011,818.26
359,HD 60532 b,328.923,609.4,2008,83.782
360,HD 60532 c,782.7414,362.1,2008,83.782
361,HD 63454 b,122.353,1319.2,2005,116.708
362,HD 63765 b,204.6632,305.9,2009,106.276
363,HD 6434 b,126.1666,734.1,2000,134.964
364,HD 65216 b,386.4448,285.5,2003,111.818
365,HD 66428 b,873.95,211.7,2006,178.974
366,HD 67087 b,984.5444,400.9,2015,289.488
367,HD 6718 b,495.4502,151.5,2009,182.234
368,HD 68988 b,572.04,1229.5,2001,189.08
369,HD 69830 b,10.1696,935.2,2006,41.076
370,HD 69830 c,11.7586,618.3,2006,41.076
371,HD 69830 d,17.7968,324.8,2006,41.076
372,HD 70642 b,606.6802,159.4,2003,93.888
373,HD 7199 b,93.751,261.4,2011,117.36
374,HD 72659 b,1008.6972,171.8,2002,162.348
375,HD 73256 b,593.9682,1579.6,2003,118.99
376,HD 73267 b,973.4214,216.5,2008,176.692
377,HD 73526 b,907.6368,448.8,2002,322.74
378,HD 73526 c,769.3938,345.4,2006,322.74
379,HD 73534 b,339.4104,239.9,2009,316.1874
380,HD 74156 b,563.4594,1033.1,2003,209.944
381,HD 74156 c,2620.8966,218.2,2003,209.944
382,HD 7449 b,417.2714,436.8,2011,126.814
383,HD 75784 b,1779.68,211.8,2014,223.962
384,HD 75898 b,799.267,348.9,2007,262.6908
385,HD 76700 b,73.7296,1412.4,2002,194.622
386,HD 77338 b,15.89,1029.1,2012,132.845
387,HD 7924 b,8.5806,955.6,2009,54.8332
388,HD 7924 c,7.945,690.1,2015,54.8332
389,HD 7924 d,6.356,630.7,2015,54.8332
390,HD 79498 b,427.7588,259.4,2012,159.74
391,HD 80606 b,1236.242,1547.9,2001,190.384
392,HD 81040 b,2185.5106,274.9,2005,106.1456
393,HD 81688 b,855.1998,1161.1,2008,279.708
394,HD 82886 b,414.729,397.3,2011,407.5
395,HD 82943 b,504.9842,311.7,2003,89.5196
396,HD 82943 c,504.9842,463.6,2003,89.5196
397,HD 83443 b,125.8488,1277.3,2002,141.9404
398,HD 8535 b,216.7396,209.7,2009,171.15
399,HD 85390 b,41.9496,258.1,2009,110.7096
400,HD 85512 b,3.4958,443.5,2011,36.349
401,HD 8574 b,573.9468,476.9,2003,144.092
402,HD 86081 b,475.4288,1710.2,2006,296.66
403,HD 86264 b,2106.0606,404.5,2009,236.676
404,HD 87883 b,558.0568,162.7,2009,59.006
405,HD 88133 b,94.0688,1812,2004,242.87
406,HD 89307 b,569.1798,188.7,2004,100.734
407,HD 90156 b,18.1146,623.9,2009,129.096
408,HD 92788 b,1132.6392,318.9,2000,106.9932
409,HD 93083 b,116.9504,403.2,2005,94.214
410,HD 9446 b,222.1422,688.4,2010,172.78
411,HD 9446 c,576.807,341.6,2010,172.78
412,HD 95089 b,358.7962,460,2010,453.14
413,HD 95127 b,1600.4408,852,2015,1066.02
415,HD 96063 b,362.9276,448.7,2011,515.08
416,HD 96127 b,1273.4246,967.3,2011,1574.58
417,HD 96167 b,217.693,626.7,2009,273.84
418,HD 97658 b,7.945,757.9,2010,68.8186
419,HD 98219 b,675.0072,363.4,2011,436.84
420,HD 99109 b,160.1712,249.7,2006,197.23
421,HD 99706 b,445.8734,470.5,2011,420.54
422,HIP 116454 b,11.7586,831.2,2014,179.952
423,HIP 14810 b,1231.1572,1247,2006,172.454
424,HIP 14810 c,405.195,447.1,2006,172.454
425,HIP 14810 d,184.6418,242.1,2009,172.454
426,HIP 5158 b,453.1828,363.9,2009,146.7
427,HIP 57050 b,94.7044,306.7,2010,35.86
428,HIP 57274 b,11.7586,766.3,2011,84.4992
429,HIP 57274 c,130.298,448.9,2011,84.4992
430,HIP 57274 d,168.1162,215.2,2011,84.4992
431,HIP 67851 b,450.6404,888,2014,215.16
432,HIP 91258 b,339.4104,1131.6,2013,146.374
433,HIP 97233 b,6307.3766,562,2014,345.56
435,KELT-3 b,462.0812,1821.3,2012,580.28
436,KELT-6 b,136.9718,1485.9,2013,723.72
437,KELT-7 b,401.6992,2049.9,2015,420.54
438,Kepler-10 b,4.4492,2153.7,2011,563.98
439,Kepler-10 c,16.8434,569.5,2011,563.98
440,Kepler-100 c,62.2888,1033.8,2014,966.916
451,Kepler-101 b,166.5272,1633.9,2014,3228.8344
452,Kepler-101 c,37.8182,1361.3,2014,3228.8344
464,Kepler-102 b,13.3476,866,2014,388.918
465,Kepler-102 d,4.1314,693.1,2014,388.918
466,Kepler-102 e,9.534,596.9,2014,388.918
467,Kepler-102 f,8.5806,500.1,2014,388.918
478,Kepler-103 b,9.534,946.3,2014,1554.368
479,Kepler-103 c,145.8702,422.3,2014,1554.368
490,Kepler-104 c,88.6662,796.2,2014,1600.66
491,Kepler-104 d,101.3782,613.4,2014,1600.66
503,Kepler-105 c,45.7632,1132.9,2014,1592.347
515,Kepler-106 b,23.1994,1122.9,2014,1479.714
516,Kepler-106 c,70.8694,863.2,2014,1479.714
517,Kepler-106 e,72.4584,583.9,2014,1479.714
529,Kepler-107 b,44.1742,1628.9,2014,1671.2716
530,Kepler-107 c,51.1658,1410.1,2014,1671.2716
531,Kepler-107 d,30.191,1199.7,2014,1671.2716
532,Kepler-107 e,97.8824,976.7,2014,1671.2716
544,Kepler-108 b,245.3416,815.3,2014,2806.7948
545,Kepler-108 c,231.994,519.3,2014,2806.7948
557,Kepler-109 b,67.0558,1255.8,2014,1526.006
558,Kepler-109 c,71.505,845.7,2014,1526.006
570,Kepler-11 b,50.848,953.5,2011,1999.041095
571,Kepler-11 c,81.3568,873.2,2011,1999.041095
572,Kepler-11 d,6.0382,717.5,2011,1999.041095
573,Kepler-11 e,118.5394,653,2011,1999.041095
574,Kepler-11 f,70.5516,566.8,2011,1999.041095
575,Kepler-11 g,94.3866,419.7,2011,1999.041095
576,Kepler-110 b,51.8014,943.9,2014,1735.6892
577,Kepler-110 c,62.6066,695.6,2014,1735.6892
588,Kepler-111 b,44.8098,1475.8,2014,2252.7904
589,Kepler-111 c,206.8878,362.9,2014,2252.7904
600,Kepler-112 b,67.0558,861.7,2014,1615.493
601,Kepler-112 c,68.0092,573.1,2014,1615.493
613,Kepler-113 b,51.4836,844,2014,834.234
624,Kepler-114 b,35.5936,748.7,2014,870.6482
636,Kepler-115 b,30.8266,1688.6,2014,2302.0164
637,Kepler-115 c,73.7296,1087.8,2014,2302.0164
649,Kepler-116 b,96.929,1407.1,2014,3343.8472
650,Kepler-116 c,65.149,1083.6,2014,3343.8472
661,Kepler-117 b,221.5066,969.8,2014,4661.8
662,Kepler-117 c,320.3424,696.3,2014,4661.8
673,Kepler-118 b,55.615,970.4,2014,2931.9788
674,Kepler-118 c,217.693,698.4,2014,2931.9788
685,Kepler-119 b,102.0138,1315.2,2014,2033.3924
686,Kepler-119 c,26.0596,1101.3,2014,2033.3924
697,Kepler-12 b,137.2896,1480.4,2011,1956
698,Kepler-120 b,61.0176,558.2,2014,872.8324
699,Kepler-120 c,43.2208,441.1,2014,872.8324
710,Kepler-121 b,66.4202,1042.4,2014,1902.536
711,Kepler-121 c,64.5134,444.4,2014,1902.536
722,Kepler-122 b,66.4202,1282.2,2014,3463.424
723,Kepler-122 c,166.5272,991.6,2014,3463.424
724,Kepler-122 d,62.2888,825.8,2014,3463.424
725,Kepler-122 e,73.7296,683.9,2014,3463.424
736,Kepler-123 b,83.2636,913.4,2014,3347.368
737,Kepler-123 c,41.9496,789.4,2014,3347.368
748,Kepler-124 b,20.657,910.1,2014,1169.688
749,Kepler-124 c,49.5768,570.8,2014,1169.688
750,Kepler-124 d,31.4622,436.3,2014,1169.688
762,Kepler-125 b,67.0558,584,2014,729.751
763,Kepler-125 c,20.9748,523.7,2014,729.751
776,Kepler-126 b,43.2208,1144.4,2014,732.4894
777,Kepler-126 c,44.8098,896,2014,732.4894
778,Kepler-126 d,70.8694,539.3,2014,732.4894
789,Kepler-127 b,39.725,1007.5,2014,1105.0748
790,Kepler-127 c,75.3186,794.9,2014,1105.0748
791,Kepler-127 d,75.0008,672.1,2014,1105.0748
812,Kepler-129 b,67.0558,1015.4,2014,1313.1606
813,Kepler-129 c,72.1406,585.9,2014,1313.1606
824,Kepler-130 b,28.9198,1056.6,2014,868.4314
825,Kepler-130 d,46.3988,484.9,2014,868.4314
836,Kepler-131 b,15.89,785,2014,737.738
837,Kepler-131 c,16.8434,673.2,2014,737.738
849,Kepler-132 b,34.3224,1223.7,2014,1079.3208
850,Kepler-132 c,36.2292,1208.5,2014,1079.3208
851,Kepler-132 d,43.8564,856.6,2014,1079.3208
863,Kepler-133 b,49.8946,1173.6,2014,1915.5434
864,Kepler-133 c,80.4034,747.1,2014,1915.5434
876,Kepler-134 b,56.5684,1281.1,2014,1351.1722
877,Kepler-134 c,35.5936,1034.3,2014,1351.1722
888,Kepler-135 b,51.1658,1304.1,2014,1829.8054
889,Kepler-135 c,32.7334,1051.5,2014,1829.8054
901,Kepler-136 b,58.1574,1093.2,2014,1758.9982
902,Kepler-136 c,56.5684,973.5,2014,1758.9982
914,Kepler-137 b,41.6318,786.4,2014,941.162
915,Kepler-137 c,53.3904,602.8,2014,941.162
928,Kepler-138 b,14.9366,450.7,2014,371.8682
942,Kepler-139 b,83.2636,876.5,2014,1553.2922
943,Kepler-139 c,95.9756,407.4,2014,1553.2922
955,Kepler-14 b,2671.4268,1581.3,2011,3194.8
956,Kepler-140 b,45.7632,1604,2014,2080.4342
957,Kepler-140 c,51.1658,527.8,2014,2080.4342
968,Kepler-141 b,19.7036,1028.7,2014,1021.8796
969,Kepler-141 c,40.0428,784.4,2014,1021.8796
980,Kepler-142 b,56.5684,1777,2014,2046.8236
981,Kepler-142 c,81.039,1336.2,2014,2046.8236
982,Kepler-142 d,61.3354,647.7,2014,2046.8236
993,Kepler-143 b,68.327,932.3,2014,2903.3234
994,Kepler-143 c,95.6578,782.4,2014,2903.3234
1005,Kepler-144 b,37.8182,1288.7,2014,1255.5238
1006,Kepler-144 c,38.136,1076.2,2014,1255.5238
1027,Kepler-146 b,105.1918,716,2014,2754.6674
1028,Kepler-146 c,88.6662,530.2,2014,2754.6674
1041,Kepler-147 b,43.2208,1078.5,2014,3607.679
1042,Kepler-147 c,68.9626,779.4,2014,3607.679
1053,Kepler-148 b,51.1658,1396.4,2014,3047.4806
1054,Kepler-148 c,102.0138,1040.5,2014,3047.4806
1065,Kepler-149 b,119.4928,587.9,2014,1917.2712
1066,Kepler-149 c,45.7632,475.1,2014,1917.2712
1067,Kepler-149 d,112.1834,333.5,2014,1917.2712
1079,Kepler-150 b,35.5936,1231.5,2014,3173.0558
1080,Kepler-150 c,104.5562,953.6,2014,3173.0558
1081,Kepler-150 d,79.1322,798.8,2014,3173.0558
1082,Kepler-150 e,88.3484,592.2,2014,3173.0558
1093,Kepler-151 b,86.7594,691.6,2014,2448.6512
1094,Kepler-151 c,59.1108,588.9,2014,2448.6512
1105,Kepler-152 b,79.1322,567.1,2014,1487.6358
1106,Kepler-152 c,67.6914,335.1,2014,1487.6358
1117,Kepler-153 b,82.9458,660.7,2014,2041.086
1118,Kepler-153 c,71.8228,487.8,2014,2041.086
1130,Kepler-154 b,64.1956,611.4,2014,2878.1888
1131,Kepler-154 c,83.5814,494.9,2014,2878.1888
1132,Kepler-154 d,109.0054,730,2016,2878.1888
1133,Kepler-154 e,42.5852,1266.7,2016,2878.1888
1134,Kepler-154 f,42.5852,930.6,2016,2878.1888
1148,Kepler-155 b,59.1108,675.8,2014,985.4328
1149,Kepler-155 c,63.56,326.4,2014,985.4328
1160,Kepler-156 b,65.149,923.9,2014,1574.1888
1161,Kepler-156 c,72.1406,627.1,2014,1574.1888
1172,Kepler-157 b,37.5004,1693,2014,2419.4416
1173,Kepler-157 c,63.56,853.1,2014,2419.4416
1184,Kepler-158 b,60.0642,492.3,2014,1127.4384
1185,Kepler-158 c,54.026,411.8,2014,1127.4384
1196,Kepler-159 b,67.3736,599.6,2014,1492.102
1197,Kepler-159 c,96.6112,368.8,2014,1492.102
1208,Kepler-160 b,43.5386,1166.3,2014,2800.6986
1209,Kepler-160 c,102.3316,793.2,2014,2800.6986
1220,Kepler-161 b,60.0642,923.7,2014,1579.7308
1221,Kepler-161 c,58.1574,818.9,2014,1579.7308
1232,Kepler-162 b,35.5936,1029.5,2014,2522.751
1233,Kepler-162 c,85.806,729.6,2014,2522.751
1244,Kepler-163 b,29.8732,960.8,2014,2572.0748
1245,Kepler-163 c,64.1956,687.2,2014,2572.0748
1256,Kepler-164 b,40.0428,1268.5,2014,3147.3018
1257,Kepler-164 c,77.5432,979.2,2014,3147.3018
1258,Kepler-164 d,69.5982,707.8,2014,3147.3018
1268,Kepler-165 b,65.7846,782.1,2014,2100.8418
1269,Kepler-165 c,63.2422,634.6,2014,2100.8418
1270,Kepler-166 b,64.5134,815.5,2014,2085.1612
1271,Kepler-166 c,67.3736,494.8,2014,2085.1612
1272,Kepler-167 b,40.9962,915.8,2014,1123.6568
1273,Kepler-167 c,38.7716,769.5,2014,1123.6568
1274,Kepler-168 b,41.314,1387.5,2014,4010.5824
1275,Kepler-168 c,76.272,964,2014,4010.5824
1276,Kepler-169 b,32.0978,1015.5,2014,1446.788
1277,Kepler-169 c,34.3224,819.1,2014,1446.788
1278,Kepler-169 d,35.5936,741.6,2014,1446.788
1279,Kepler-169 e,62.2888,627.7,2014,1446.788
1280,Kepler-169 f,73.094,339.4,2014,1446.788
1281,Kepler-17 b,787.1906,1744.9,2011,2608
1282,Kepler-170 b,90.573,998.5,2014,2770.4132
1283,Kepler-170 c,81.039,779.5,2014,2770.4132
1284,Kepler-171 b,66.4202,1106.8,2014,2785.4092
1285,Kepler-171 c,72.4584,789.9,2014,2785.4092
1286,Kepler-171 d,53.7082,522.6,2014,2785.4092
1287,Kepler-172 b,66.738,1384.7,2014,2939.7702
1288,Kepler-172 c,81.039,1069.1,2014,2939.7702
1289,Kepler-172 d,63.8778,811.2,2014,2939.7702
1290,Kepler-172 e,78.1788,605.8,2014,2939.7702
1291,Kepler-173 b,36.547,1248.7,2014,2639.4264
1292,Kepler-173 c,68.9626,1012.2,2014,2639.4264
1293,Kepler-174 b,55.615,550.6,2014,1174.0564
1294,Kepler-174 c,42.2674,375.7,2014,1174.0564
1295,Kepler-174 d,61.971,211.3,2014,1174.0564
1296,Kepler-175 b,72.4584,919.9,2014,3974.6898
1297,Kepler-175 c,88.0306,648.1,2014,3974.6898
1298,Kepler-176 b,40.6784,968.2,2014,2182.1136
1299,Kepler-176 c,73.7296,728.4,2014,2182.1136
1300,Kepler-176 d,71.1872,576.4,2014,2182.1136
1301,Kepler-178 b,82.3102,951.1,2014,3141.2708
1302,Kepler-178 c,81.6746,737.3,2014,3141.2708
1303,Kepler-178 d,111.8656,440.1,2014,3141.2708
1304,Kepler-179 b,46.3988,1138.2,2014,1965.0954
1305,Kepler-179 c,56.5684,857.4,2014,1965.0954
1309,Kepler-180 b,42.5852,848.6,2014,2848.751
1310,Kepler-180 c,85.4882,586.4,2014,2848.751
1311,Kepler-181 b,35.9114,1086.5,2014,2048.747
1312,Kepler-181 c,56.5684,978,2014,2048.747
1313,Kepler-182 b,73.094,1076.6,2014,4696.845
1314,Kepler-182 c,97.2468,840,2014,4696.845
1315,Kepler-183 b,58.4752,1112.7,2014,3560.9306
1316,Kepler-183 c,64.5134,876.5,2014,3560.9306
1317,Kepler-184 b,67.0558,846.1,2014,2373.1822
1318,Kepler-184 c,55.9328,683.2,2014,2373.1822
1319,Kepler-184 d,70.5516,606.5,2014,2373.1822
1320,Kepler-185 b,33.0512,1368.4,2014,1874.7282
1321,Kepler-185 c,57.204,586.6,2014,1874.7282
1322,Kepler-186 b,30.191,658.4,2014,492.26
1323,Kepler-186 c,35.2758,531.7,2014,492.26
1324,Kepler-186 d,39.725,434.2,2014,492.26
1325,Kepler-186 e,35.9114,365.3,2014,492.26
1326,Kepler-186 f,31.4622,201.3,2014,492.26
1327,Kepler-187 b,40.0428,1401.6,2014,3607.5486
1328,Kepler-187 c,75.6364,1085.2,2014,3607.5486
1329,Kepler-188 b,47.67,1741.5,2014,3918.194
1330,Kepler-188 c,90.573,1220.1,2014,3918.194
1331,Kepler-189 b,34.3224,715.8,2014,2120.1084
1332,Kepler-189 c,67.3736,574.3,2014,2120.1084
1334,Kepler-190 b,44.1742,1241.2,2014,1533.178
1335,Kepler-190 c,41.314,1008.8,2014,1533.178
1336,Kepler-191 b,38.136,752.1,2014,2217.8758
1337,Kepler-191 c,52.7548,620,2014,2217.8758
1338,Kepler-191 d,64.5134,917.7,2016,2217.8758
1339,Kepler-192 b,77.5432,881.7,2014,2227.884
1340,Kepler-192 c,79.1322,684.4,2014,2227.884
1341,Kepler-193 b,67.6914,1039.3,2014,4243.4442
1342,Kepler-193 c,77.861,631.8,2014,4243.4442
1343,Kepler-194 b,42.903,1661.1,2014,4022.351
1344,Kepler-194 c,73.4118,821.3,2014,4022.351
1345,Kepler-194 d,68.0092,566.3,2014,4022.351
1346,Kepler-195 b,57.5218,798.3,2014,2222.5702
1347,Kepler-195 c,43.8564,498.6,2014,2222.5702
1348,Kepler-196 b,54.026,568.8,2014,1535.1992
1349,Kepler-196 c,63.56,431.8,2014,1535.1992
1350,Kepler-197 b,28.9198,1233.2,2014,1023.2162
1351,Kepler-197 c,34.958,1004.9,2014,1023.2162
1352,Kepler-197 d,34.6402,875,2014,1023.2162
1353,Kepler-197 e,25.7418,746.8,2014,1023.2162
1354,Kepler-198 b,80.0856,713.5,2014,1684.7028
1355,Kepler-198 c,69.916,507,2014,1684.7028
1356,Kepler-198 d,43.2208,1722.1,2016,1684.7028
1357,Kepler-199 b,88.0306,666.5,2014,1775.2656
1358,Kepler-199 c,92.162,470.7,2014,1775.2656
1359,Kepler-20 b,8.5806,1202.1,2011,945.4
1360,Kepler-20 c,15.5722,839.4,2011,945.4
1361,Kepler-20 d,7.6272,435.7,2011,945.4
1362,Kepler-20 e,24.4706,1017.3,2011,945.4
1363,Kepler-20 f,29.2376,689.6,2011,945.4
1364,Kepler-200 b,60.382,928.2,2014,2098.1034
1365,Kepler-200 c,45.1276,876.1,2014,2098.1034
1366,Kepler-201 b,69.5982,785.5,2014,1984.6228
1367,Kepler-201 c,80.7212,434.3,2014,1984.6228
1368,Kepler-202 b,46.081,823,2014,951.594
1369,Kepler-202 c,52.437,518.4,2014,951.594
1370,Kepler-203 b,72.7762,1442.5,2014,2608.2282
1371,Kepler-203 c,69.916,1209.1,2014,2608.2282
1372,Kepler-203 d,40.6784,942.8,2014,2608.2282
1373,Kepler-204 b,71.8228,916.1,2014,2785.0506
1374,Kepler-204 c,50.848,755.6,2014,2785.0506
1375,Kepler-205 b,42.903,784.9,2014,563.9148
1376,Kepler-205 c,46.3988,403.3,2014,563.9148
1377,Kepler-206 b,34.0046,1091.2,2014,2155.9032
1378,Kepler-206 c,50.2124,916.5,2014,2155.9032
1379,Kepler-206 d,33.6868,755.6,2014,2155.9032
1380,Kepler-207 b,44.492,2192.8,2014,2651.8796
1381,Kepler-207 c,42.5852,1768.7,2014,2651.8796
1382,Kepler-207 d,93.751,1425.4,2014,2651.8796
1383,Kepler-208 b,46.081,1488.3,2014,3017.0322
1384,Kepler-208 c,39.4072,1231.4,2014,3017.0322
1385,Kepler-208 d,34.0046,1077.9,2014,3017.0322
1386,Kepler-208 e,41.9496,950,2014,3017.0322
1387,Kepler-209 b,64.1956,727.8,2014,1971.7458
1388,Kepler-209 c,88.0306,529.6,2014,1971.7458
1389,Kepler-21 b,46.3988,1950.5,2011,368.054
1390,Kepler-210 b,83.2636,939.2,2014,864.389
1391,Kepler-210 c,102.6494,634.1,2014,864.389
1392,Kepler-211 b,35.5936,993.4,2014,1069.0518
1393,Kepler-211 c,36.547,875.8,2014,1069.0518
1394,Kepler-212 b,30.8266,960.3,2014,2369.9222
1395,Kepler-212 c,77.5432,767.8,2014,2369.9222
1396,Kepler-213 b,46.081,1589.2,2014,2289.661
1397,Kepler-213 c,66.4202,1270.1,2014,2289.661
1398,Kepler-214 b,74.0474,988.1,2014,3490.3516
1399,Kepler-214 c,60.382,806.7,2014,3490.3516
1400,Kepler-215 b,46.081,951.1,2014,1936.0162
1401,Kepler-215 c,50.2124,818.9,2014,1936.0162
1402,Kepler-215 d,67.6914,639,2014,1936.0162
1403,Kepler-215 e,49.5768,490.7,2014,1936.0162
1404,Kepler-216 b,66.738,1193.6,2014,3243.4718
1405,Kepler-216 c,86.1238,909.2,2014,3243.4718
1406,Kepler-217 b,63.2422,1628.5,2014,3437.2136
1407,Kepler-217 c,52.437,1393.1,2014,3437.2136
1408,Kepler-218 b,41.9496,1273.3,2014,2201.0868
1409,Kepler-218 c,88.984,550.9,2014,2201.0868
1410,Kepler-219 b,83.5814,1465.6,2014,3109.551
1411,Kepler-219 c,101.3782,859.8,2014,3109.551
1412,Kepler-219 d,79.7678,670.4,2014,3109.551
1413,Kepler-22 b,67.6914,285.8,2011,586.8
1414,Kepler-220 b,22.8816,810.1,2014,679.3188
1415,Kepler-220 c,44.492,625.5,2014,679.3188
1416,Kepler-220 d,27.6486,428.4,2014,679.3188
1417,Kepler-220 e,37.8182,363.9,2014,679.3188
1418,Kepler-221 b,48.6234,1162.2,2014,1396.258
1419,Kepler-221 c,82.9458,917.1,2014,1396.258
1420,Kepler-221 d,77.5432,758.9,2014,1396.258
1421,Kepler-221 e,74.683,620.5,2014,1396.258
1422,Kepler-222 b,89.6196,1105.4,2014,2906.453
1423,Kepler-222 c,131.5692,807.8,2014,2906.453
1424,Kepler-222 d,104.5562,574.3,2014,2906.453
1425,Kepler-223 b,47.9878,1040.4,2014,4456.257
1426,Kepler-223 c,56.5684,945.2,2014,4456.257
1427,Kepler-223 d,84.5348,825.4,2014,4456.257
1428,Kepler-223 e,68.0092,749.8,2014,4456.257
1429,Kepler-224 b,39.4072,971.8,2014,2520.4038
1430,Kepler-224 c,88.3484,785.8,2014,2520.4038
1431,Kepler-224 d,65.149,632.7,2014,2520.4038
1432,Kepler-224 e,55.9328,536.2,2014,2520.4038
1433,Kepler-225 b,34.0046,465.5,2014,1115.5068
1434,Kepler-225 c,52.1192,330.7,2014,1115.5068
1435,Kepler-226 b,43.8564,1088.6,2014,3318.191
1436,Kepler-226 c,64.5134,983.1,2014,3318.191
1437,Kepler-226 d,34.6402,855.9,2014,3318.191
1438,Kepler-227 b,88.0306,995.4,2014,4828.2882
1439,Kepler-227 c,86.1238,556.1,2014,4828.2882
1440,Kepler-228 b,43.2208,1531.8,2014,5662.457
1441,Kepler-228 c,76.5898,1306.7,2014,5662.457
1442,Kepler-228 d,114.408,940.3,2014,5662.457
1443,Kepler-229 b,62.2888,817.2,2014,3094.0986
1444,Kepler-229 c,139.5142,596.6,2014,3094.0986
1445,Kepler-229 d,109.0054,435.9,2014,3094.0986
1446,Kepler-23 b,53.7082,1251,2014,2818.8568
1447,Kepler-23 c,90.573,1090.1,2014,2818.8568
1448,Kepler-23 d,62.2888,1007.2,2014,2818.8568
1449,Kepler-230 b,120.764,544.8,2014,2916.07
1450,Kepler-230 c,57.8396,385.9,2014,2916.07
1451,Kepler-231 b,48.9412,420.9,2014,913.8106
1452,Kepler-231 c,54.6616,339,2014,913.8106
1453,Kepler-232 b,87.395,1207.1,2014,4313.2408
1454,Kepler-232 c,108.6876,881.5,2014,4313.2408
1455,Kepler-233 b,68.9626,788.9,2014,2801.97
1456,Kepler-233 c,76.9076,409.9,2014,2801.97
1457,Kepler-234 b,104.874,1622.9,2014,6088.3108
1458,Kepler-234 c,99.4714,1171.3,2014,6088.3108
1459,Kepler-235 b,63.2422,730.2,2014,1713.0648
1460,Kepler-235 c,36.2292,549.8,2014,1713.0648
1461,Kepler-235 d,58.1574,401.7,2014,1713.0648
1462,Kepler-235 e,62.9244,304.2,2014,1713.0648
1463,Kepler-236 b,44.492,455.9,2014,955.2126
1464,Kepler-236 c,56.5684,320.1,2014,955.2126
1465,Kepler-237 b,40.0428,850.7,2014,2154.045
1466,Kepler-237 c,59.1108,710.2,2014,2154.045
1467,Kepler-238 b,48.9412,1853.5,2014,5411.111
1468,Kepler-238 c,67.6914,1293.3,2014,5411.111
1469,Kepler-238 d,87.0772,1002,2014,5411.111
1470,Kepler-239 b,66.1024,650.5,2014,2231.796
1471,Kepler-239 c,71.1872,386.1,2014,2231.796
1472,Kepler-24 c,79.45,890.6,2014,4766.2504
1473,Kepler-24 d,47.3522,1425.1,2014,4766.2504
1474,Kepler-24 e,78.8144,864.7,2014,4766.2504
1475,Kepler-240 b,38.7716,919.5,2014,2739.2802
1476,Kepler-240 c,62.2888,739.9,2014,2739.2802
1477,Kepler-241 b,66.1024,567,2014,1942.0146
1478,Kepler-241 c,72.7762,400.6,2014,1942.0146
1479,Kepler-242 b,74.0474,790.9,2014,2803.437
1480,Kepler-242 c,56.5684,654.2,2014,2803.437
1481,Kepler-243 b,69.5982,924.7,2014,2635.384
1482,Kepler-243 c,56.5684,608.8,2014,2635.384
1483,Kepler-244 b,78.1788,1053.8,2014,3600.7352
1484,Kepler-244 c,58.1574,802.4,2014,3600.7352
1485,Kepler-244 d,65.4668,631.4,2014,3600.7352
1486,Kepler-245 b,72.7762,801,2014,2998.9392
1487,Kepler-245 c,61.6532,604.1,2014,2998.9392
1488,Kepler-245 d,85.806,473.4,2014,2998.9392
1489,Kepler-245 e,49.5768,1105,2016,2998.9392
1490,Kepler-246 b,66.4202,983.3,2014,2506.5162
1491,Kepler-246 c,42.5852,731.3,2014,2506.5162
1492,Kepler-247 b,46.3988,1030.9,2014,2267.5908
1493,Kepler-247 c,115.997,728.8,2014,2267.5908
1494,Kepler-247 d,111.8656,563,2014,2267.5908
1495,Kepler-248 b,85.4882,882.5,2014,2774.586
1496,Kepler-248 c,115.3614,643.9,2014,2774.586
1497,Kepler-249 b,30.8266,573,2014,752.245
1498,Kepler-249 c,42.903,443.9,2014,752.245
1499,Kepler-249 d,44.492,343.4,2014,752.245
1500,Kepler-25 b,76.9076,1305.1,2012,622.66
1501,Kepler-25 c,147.4592,1029.2,2012,622.66
1502,Kepler-250 b,32.0978,993,2014,2915.8092
1503,Kepler-250 c,64.5134,828,2014,2915.8092
1504,Kepler-250 d,61.6532,612.8,2014,2915.8092
1505,Kepler-251 b,37.8182,1065.8,2014,3314.931
1506,Kepler-251 c,78.4966,705.5,2014,3314.931
1507,Kepler-251 d,78.4966,577.4,2014,3314.931
1508,Kepler-251 e,78.4966,387.6,2014,3314.931
1509,Kepler-252 b,34.958,570.9,2014,1098.9786
1510,Kepler-252 c,61.0176,485.4,2014,1098.9786
1511,Kepler-253 b,46.081,1021.2,2014,2997.9612
1512,Kepler-253 c,75.0008,731.8,2014,2997.9612
1513,Kepler-253 d,89.9374,605.9,2014,2997.9612
1514,Kepler-254 b,109.641,1088.4,2014,5240.3196
1515,Kepler-254 c,61.0176,845.9,2014,5240.3196
1516,Kepler-254 d,70.8694,737.2,2014,5240.3196
1517,Kepler-255 b,43.8564,1037.7,2014,4196.8262
1518,Kepler-255 c,84.8526,862.7,2014,4196.8262
1519,Kepler-255 d,37.5004,1834.2,2016,4196.8262
1520,Kepler-256 b,45.1276,1857.8,2014,4546.559
1521,Kepler-256 c,61.0176,1452.9,2014,4546.559
1522,Kepler-256 d,70.2338,1211.8,2014,4546.559
1523,Kepler-256 e,66.738,990.8,2014,4546.559
1524,Kepler-257 b,74.0474,1361.1,2014,3804.5178
1525,Kepler-257 c,153.4974,970.1,2014,3804.5178
1526,Kepler-257 d,140.4676,624.5,2014,3804.5178
1527,Kepler-258 b,115.0436,689.4,2014,2725.7838
1528,Kepler-258 c,102.3316,504.6,2014,2725.7838
1529,Kepler-259 b,79.45,965,2014,3854.95
1530,Kepler-259 c,76.5898,582.4,2014,3854.95
1531,Kepler-26 b,102.0138,484.8,2014,1572.5914
1532,Kepler-26 c,102.0138,432.9,2014,1572.5914
1533,Kepler-26 d,30.191,766.3,2014,1572.5914
1534,Kepler-26 e,68.327,324.1,2014,1572.5914
1535,Kepler-260 b,56.8862,833.5,2014,1758.281
1536,Kepler-260 c,49.259,396.5,2014,1758.281
1537,Kepler-261 b,61.6532,717.7,2014,1171.3506
1538,Kepler-261 c,56.5684,538.5,2014,1171.3506
1539,Kepler-262 b,38.4538,802.3,2014,2337.8438
1540,Kepler-262 c,46.3988,675.8,2014,2337.8438
1541,Kepler-263 b,75.6364,630.6,2014,2867.659
1542,Kepler-263 c,69.916,444.4,2014,2867.659
1543,Kepler-264 b,94.3866,767.5,2014,2621.04
1544,Kepler-264 c,80.0856,508.7,2014,2621.04
1545,Kepler-265 b,52.7548,1112.3,2014,4926.2838
1546,Kepler-265 c,74.683,820.9,2014,4926.2838
1547,Kepler-265 d,70.5516,602.2,2014,4926.2838
1548,Kepler-265 e,73.4118,517.9,2014,4926.2838
1549,Kepler-266 b,70.2338,1095.3,2014,5142.1936
1550,Kepler-266 c,110.2766,432.2,2014,5142.1936
1551,Kepler-267 b,56.2506,730.4,2014,1355.0842
1552,Kepler-267 c,60.382,574.9,2014,1355.0842
1553,Kepler-267 d,64.5134,358.1,2014,1355.0842
1554,Kepler-268 b,72.1406,799.2,2014,2853.5106
1555,Kepler-268 c,95.9756,541.3,2014,2853.5106
1556,Kepler-269 b,69.916,1129.9,2014,5235.3644
1557,Kepler-269 c,47.9878,981.5,2014,5235.3644
1558,Kepler-27 b,113.4546,618.2,2012,3231.3772
1559,Kepler-27 c,138.8786,487.2,2012,3231.3772
1560,Kepler-270 b,56.8862,1120.5,2014,3579.806
1561,Kepler-270 c,50.2124,861.3,2014,3579.806
1562,Kepler-271 b,25.1062,1029.7,2014,1417.285
1563,Kepler-271 c,28.2842,916,2014,1417.285
1564,Kepler-272 b,40.6784,1223.9,2014,2473.6554
1565,Kepler-272 c,50.848,965.3,2014,2473.6554
1566,Kepler-272 d,63.8778,792.7,2014,2473.6554
1567,Kepler-273 b,42.5852,1222.4,2014,2797.8298
1568,Kepler-273 c,56.2506,874.7,2014,2797.8298
1569,Kepler-274 b,43.5386,919.3,2014,4086.1818
1570,Kepler-274 c,52.1192,648.1,2014,4086.1818
1571,Kepler-275 b,66.4202,1148.4,2014,6701.1582
1572,Kepler-275 c,95.9756,989.8,2014,6701.1582
1573,Kepler-275 d,94.3866,759,2014,6701.1582
1574,Kepler-276 b,81.3568,890.1,2014,5083.5462
1575,Kepler-278 b,115.3614,946.7,2014,1668.957
1576,Kepler-278 c,101.696,794.2,2014,1668.957
1577,Kepler-279 b,102.6494,1255,2014,4195.946
1578,Kepler-28 b,102.0138,767.9,2012,2519.328
1579,Kepler-28 c,96.2934,667.9,2012,2519.328
1580,Kepler-280 b,40.9962,1446.1,2014,2516.068
1581,Kepler-280 c,56.8862,1104.1,2014,2516.068
1582,Kepler-281 b,80.0856,764.4,2014,4626.6898
1583,Kepler-281 c,150.6372,564.6,2014,4626.6898
1584,Kepler-282 b,28.602,875.4,2014,3430.172
1585,Kepler-282 c,34.0046,768.3,2014,3430.172
1586,Kepler-283 b,60.382,507.1,2014,1742.0462
1587,Kepler-283 c,51.4836,249.2,2014,1742.0462
1588,Kepler-284 b,63.56,748.4,2014,4128.4314
1589,Kepler-284 c,74.0474,521.6,2014,4128.4314
1590,Kepler-285 b,38.136,1213.8,2014,2819.8674
1591,Kepler-285 c,31.78,913.1,2014,2819.8674
1592,Kepler-286 b,35.2758,1469.7,2014,3875.6184
1593,Kepler-286 c,38.7716,1180.3,2014,3875.6184
1594,Kepler-286 d,37.8182,987.9,2014,3875.6184
1595,Kepler-286 e,50.2124,580,2014,3875.6184
1596,Kepler-287 b,66.1024,744.7,2014,3452.2096
1597,Kepler-287 c,92.4798,572.1,2014,3452.2096
1598,Kepler-288 b,47.3522,1166.1,2014,4508.5474
1599,Kepler-288 c,80.7212,794.1,2014,4508.5474
1600,Kepler-288 d,75.6364,554.7,2014,4508.5474
1601,Kepler-289 b,68.9626,676.4,2014,2282
1602,Kepler-289 c,369.6014,439.6,2014,2282
1603,Kepler-29 b,102.0138,891.3,2012,4061.96
1604,Kepler-29 c,81.9924,819.7,2012,4061.96
1605,Kepler-290 b,63.8778,625.8,2014,2850.7396
1606,Kepler-290 c,76.5898,459.8,2014,2850.7396
1607,Kepler-291 b,61.3354,1367.2,2014,6193.674
1608,Kepler-291 c,53.3904,1167.2,2014,6193.674
1609,Kepler-292 b,37.5004,1210,2014,3964.8772
1610,Kepler-292 c,41.6318,1071.6,2014,3964.8772
1611,Kepler-292 d,63.2422,865.4,2014,3964.8772
1612,Kepler-292 e,75.6364,725.4,2014,3964.8772
1613,Kepler-292 f,66.738,603.2,2014,3964.8772
1614,Kepler-293 b,87.0772,730.1,2014,4203.6722
1615,Kepler-293 c,108.6876,517.2,2014,4203.6722
1616,Kepler-294 b,50.2124,1301.5,2014,5537.6968
1617,Kepler-294 c,76.9076,1071.9,2014,5537.6968
1618,Kepler-295 b,34.6402,785.4,2014,2405.3584
1619,Kepler-295 c,33.0512,657.8,2014,2405.3584
1620,Kepler-295 d,38.4538,565.5,2014,2405.3584
1621,Kepler-296 b,26.6952,711.7,2014,1820.71
1622,Kepler-296 c,61.0176,606.8,2014,1820.71
1623,Kepler-296 d,64.5134,403.6,2014,1820.71
1624,Kepler-296 e,49.5768,336.9,2014,1820.71
1625,Kepler-296 f,50.848,274.2,2014,1820.71
1626,Kepler-297 b,81.3568,546.8,2014,2232.5458
1627,Kepler-297 c,185.2774,439.4,2014,2232.5458
1628,Kepler-298 b,55.615,536.5,2014,1546.055
1629,Kepler-298 c,54.6616,413.2,2014,1546.055
1630,Kepler-298 d,70.8694,275.4,2014,1546.055
1631,Kepler-299 b,37.5004,1374.8,2014,3612.0148
1632,Kepler-299 c,75.0008,1033.7,2014,3612.0148
1633,Kepler-299 d,52.7548,796.4,2014,3612.0148
1634,Kepler-299 e,53.0726,583.5,2014,3612.0148
1635,Kepler-300 b,47.3522,895.3,2014,2456.8338
1636,Kepler-300 c,63.8778,568.9,2014,2456.8338
1637,Kepler-301 b,38.136,1399.3,2014,2394.4374
1638,Kepler-301 c,38.136,1082.4,2014,2394.4374
1639,Kepler-301 d,49.5768,793.6,2014,2394.4374
1640,Kepler-302 b,115.0436,701.8,2014,5582.7174
1641,Kepler-302 c,353.0758,434.4,2014,5582.7174
1642,Kepler-303 b,25.1062,759.4,2014,627.0284
1643,Kepler-303 c,32.4156,493.4,2014,627.0284
1644,Kepler-304 b,81.039,908.1,2014,1572.2654
1645,Kepler-304 c,61.6532,774.4,2014,1572.2654
1646,Kepler-304 d,77.861,634.7,2014,1572.2654
1647,Kepler-304 e,34.0046,1228.2,2016,1572.2654
1648,Kepler-305 d,76.9076,612.3,2014,3303.8796
1649,Kepler-306 b,43.2208,867.6,2014,2519.4258
1650,Kepler-306 c,66.738,748.3,2014,2519.4258
1651,Kepler-306 d,69.916,559.5,2014,2519.4258
1652,Kepler-306 e,64.5134,407.5,2014,2519.4258
1653,Kepler-308 b,60.0642,924.3,2014,5224.2152
1654,Kepler-308 c,61.3354,792.5,2014,5224.2152
1655,Kepler-309 b,44.1742,762.3,2014,1894.9402
1656,Kepler-309 c,71.1872,292,2014,1894.9402
1657,Kepler-31 b,121.7174,849.3,2014,5837.356
1658,Kepler-31 c,118.8572,669.3,2014,5837.356
1659,Kepler-31 d,129.3446,535,2014,5837.356
1660,Kepler-310 b,33.6868,777.1,2014,2324.7386
1661,Kepler-310 c,95.9756,487.4,2014,2324.7386
1662,Kepler-310 d,69.916,412.9,2014,2324.7386
1663,Kepler-311 b,48.3056,1059.5,2014,2620.0946
1664,Kepler-311 c,40.6784,820.8,2014,2620.0946
1665,Kepler-312 b,36.547,2109.2,2014,2347.9172
1666,Kepler-312 c,89.3018,944.4,2014,2347.9172
1667,Kepler-313 b,71.8228,992.5,2014,3778.4052
1668,Kepler-313 c,72.7762,768.3,2014,3778.4052
1669,Kepler-314 b,23.5172,1338.1,2014,981.8142
1670,Kepler-314 c,82.3102,996.4,2014,981.8142
1671,Kepler-315 b,106.7808,444.1,2014,4445.2708
1672,Kepler-315 c,117.586,316.5,2014,4445.2708
1673,Kepler-316 b,30.191,798.5,2014,1121.4726
1674,Kepler-316 c,32.7334,550.7,2014,1121.4726
1675,Kepler-317 b,59.1108,1039.6,2014,3723.083
1676,Kepler-317 c,48.6234,891,2014,3723.083
1677,Kepler-318 b,133.476,1292.5,2014,1972.3
1678,Kepler-318 c,104.2384,948.1,2014,1972.3
1679,Kepler-319 b,46.081,1107.6,2014,1769.1694
1680,Kepler-319 c,74.683,948.7,2014,1769.1694
1681,Kepler-319 d,64.8312,571.3,2014,1769.1694
1682,Kepler-32 b,62.2888,583.6,2012,1300.74
1683,Kepler-32 c,56.5684,511.7,2012,1300.74
1684,Kepler-32 d,76.5898,372,2013,1300.74
1685,Kepler-32 e,42.5852,739.9,2013,1300.74
1686,Kepler-32 f,23.1994,1164.4,2013,1300.74
1687,Kepler-320 b,32.4156,1149.7,2014,2500.909
1688,Kepler-320 c,38.7716,891.8,2014,2500.909
1689,Kepler-321 b,50.2124,1271.3,2014,1505.5332
1690,Kepler-321 c,65.7846,917.1,2014,1505.5332
1691,Kepler-322 b,28.602,1481.3,2014,1445.1254
1692,Kepler-322 c,47.3522,1074.2,2014,1445.1254
1693,Kepler-323 b,40.6784,1884.5,2014,1627.881
1694,Kepler-323 c,46.081,1467.5,2014,1627.881
1695,Kepler-324 b,32.4156,1002.3,2014,1664.7516
1696,Kepler-324 c,89.3018,440.1,2014,1664.7516
1697,Kepler-325 b,82.628,1198.6,2014,3667.7608
1698,Kepler-325 c,72.1406,849.6,2014,3667.7608
1699,Kepler-325 d,79.1322,586.9,2014,3667.7608
1700,Kepler-326 b,43.2208,1202,2014,1258.5882
1701,Kepler-326 c,39.725,948.2,2014,1258.5882
1702,Kepler-326 d,34.3224,832.5,2014,1258.5882
1703,Kepler-327 b,31.4622,672.2,2014,788.0724
1704,Kepler-327 c,29.2376,529.7,2014,788.0724
1705,Kepler-327 d,48.9412,381.3,2014,788.0724
1706,Kepler-329 b,39.725,544.1,2014,1274.008
1707,Kepler-329 c,54.6616,399.8,2014,1274.008
1708,Kepler-33 b,49.259,1475.4,2012,2992.028
1709,Kepler-33 c,90.573,1113.8,2012,2992.028
1710,Kepler-33 d,151.5906,942,2012,2992.028
1711,Kepler-33 e,114.0902,830.5,2012,2992.028
1712,Kepler-33 f,126.4844,762.7,2012,2992.028
1713,Kepler-330 b,38.136,741.3,2014,2346.548
1714,Kepler-330 c,55.2972,595.2,2014,2346.548
1715,Kepler-331 b,51.4836,515.8,2014,1521.9636
1716,Kepler-331 c,52.1192,406.5,2014,1521.9636
1717,Kepler-331 d,46.3988,330.5,2014,1521.9636
1718,Kepler-332 b,33.0512,736.2,2014,1237.333
1719,Kepler-332 c,30.8266,575.1,2014,1237.333
1720,Kepler-332 d,33.369,446.4,2014,1237.333
1721,Kepler-333 b,37.5004,461.5,2014,941.9444
1722,Kepler-333 c,31.4622,371.4,2014,941.9444
1723,Kepler-334 b,31.78,1178.1,2014,1433.748
1724,Kepler-334 c,40.6784,888.3,2014,1433.748
1725,Kepler-334 d,40.0428,709,2014,1433.748
1726,Kepler-335 b,95.9756,1473.1,2014,4438.979
1727,Kepler-335 c,87.0772,676.2,2014,4438.979
1728,Kepler-336 b,28.9198,1825.1,2014,2590.4286
1729,Kepler-336 c,59.4286,1086.4,2014,2590.4286
1730,Kepler-336 d,67.0558,841.2,2014,2590.4286
1731,Kepler-337 b,43.5386,1747.4,2014,2198.5114
1732,Kepler-337 c,58.1574,1219.2,2014,2198.5114
1733,Kepler-338 b,69.2804,1123,2014,1777.6454
1734,Kepler-338 c,66.4202,928.2,2014,1777.6454
1735,Kepler-338 d,85.1704,759.2,2014,1777.6454
1736,Kepler-339 b,40.3606,1017.9,2014,2255.3332
1737,Kepler-339 c,32.7334,909.1,2014,2255.3332
1738,Kepler-339 d,33.0512,792.2,2014,2255.3332
1739,Kepler-340 b,71.8228,1262.7,2014,2627.56
1740,Kepler-340 c,95.6578,1094,2014,2627.56
1741,Kepler-341 b,33.369,1210.6,2014,3390.0088
1742,Kepler-341 c,48.3056,1047.9,2014,3390.0088
1743,Kepler-341 d,52.437,693.2,2014,3390.0088
1744,Kepler-341 e,56.5684,600.9,2014,3390.0088
1745,Kepler-342 b,63.8778,1043,2014,2631.7328
1746,Kepler-342 c,55.615,869,2014,2631.7328
1747,Kepler-342 d,70.5516,758.4,2014,2631.7328
1748,Kepler-342 e,25.1062,2142,2016,2631.7328
1749,Kepler-343 b,68.327,1153.1,2014,3559.6918
1750,Kepler-343 c,57.204,839.7,2014,3559.6918
1751,Kepler-344 b,74.0474,702,2014,4262.5152
1752,Kepler-344 c,83.5814,392.6,2014,4262.5152
1753,Kepler-345 b,20.9748,628.3,2014,889.0998
1754,Kepler-345 c,34.0046,580.8,2014,889.0998
1755,Kepler-346 b,75.3186,1125.1,2014,4513.9264
1756,Kepler-346 c,87.0772,729.9,2014,4513.9264
1757,Kepler-347 b,55.9328,899.2,2014,3276.2674
1758,Kepler-347 c,49.5768,698.4,2014,3276.2674
1759,Kepler-348 b,43.2208,1293.9,2014,1851.9734
1760,Kepler-348 c,37.8182,960.2,2014,1851.9734
1761,Kepler-349 b,54.026,1091.9,2014,3219.9672
1762,Kepler-349 c,55.615,857.4,2014,3219.9672
1763,Kepler-350 b,52.437,1180.6,2014,3685.593
1764,Kepler-351 b,86.7594,539.1,2014,4722.1426
1765,Kepler-351 c,90.573,466.3,2014,4722.1426
1766,Kepler-351 d,77.2254,350,2016,4722.1426
1767,Kepler-352 b,24.4706,735.5,2014,911.4308
1768,Kepler-352 c,35.2758,625.7,2014,911.4308
1769,Kepler-353 b,25.1062,531.6,2014,1206.3956
1770,Kepler-353 c,39.0894,469.6,2014,1206.3956
1771,Kepler-354 b,52.1192,746.1,2014,2063.743
1772,Kepler-354 c,37.1826,512.1,2014,2063.743
1773,Kepler-354 d,35.2758,454.6,2014,2063.743
1774,Kepler-355 b,41.314,988.5,2014,4670.439
1775,Kepler-355 c,76.9076,745.1,2014,4670.439
1776,Kepler-356 b,44.492,1467.1,2014,2192.2522
1777,Kepler-356 c,51.1658,1035.4,2014,2192.2522
1778,Kepler-357 b,52.1192,850.4,2014,3019.9662
1779,Kepler-357 c,75.6364,618.2,2014,3019.9662
1780,Kepler-357 d,97.2468,431.7,2014,3019.9662
1781,Kepler-358 b,77.2254,613.5,2014,4356.0446
1782,Kepler-358 c,80.7212,455,2014,4356.0446
1783,Kepler-359 b,100.107,761.8,2014,7017.3782
1784,Kepler-359 c,122.0352,580.8,2014,7017.3782
1785,Kepler-359 d,113.7724,527.2,2014,7017.3782
1786,Kepler-36 b,41.9496,1069.7,2012,1424.41462
1787,Kepler-36 c,104.2384,1014.2,2012,1424.41462
1788,Kepler-360 b,46.7166,1442.8,2014,4011.3322
1789,Kepler-360 c,59.4286,1111.9,2014,4011.3322
1790,Kepler-361 b,40.9962,1207.9,2014,2915.8744
1791,Kepler-361 c,71.505,647.2,2014,2915.8744
1792,Kepler-362 b,25.1062,778.3,2014,2114.7294
1793,Kepler-362 c,40.9962,504.8,2014,2114.7294
1794,Kepler-363 b,32.7334,1530.6,2014,2394.8612
1795,Kepler-363 c,47.9878,1197.8,2014,2394.8612
1796,Kepler-363 d,58.1574,1027.9,2014,2394.8612
1797,Kepler-364 b,43.8564,807.8,2014,2844.6434
1798,Kepler-364 c,61.0176,609.4,2014,2844.6434
1799,Kepler-365 b,57.8396,963.6,2014,3550.2704
1800,Kepler-365 c,46.3988,812.6,2014,3550.2704
1801,Kepler-366 b,41.314,1474.1,2014,4134.9188
1802,Kepler-366 c,50.848,943.5,2014,4134.9188
1803,Kepler-367 b,36.8648,403.2,2014,638.9926
1804,Kepler-367 c,34.0046,359,2014,638.9926
1805,Kepler-368 b,92.4798,899.8,2014,2497.1274
1806,Kepler-368 c,109.9588,646.5,2014,2497.1274
1807,Kepler-369 b,32.0978,607.5,2014,911.3982
1808,Kepler-369 c,40.0428,345.4,2014,911.3982
1809,Kepler-37 b,3.178,716,2013,215.16
1810,Kepler-37 c,3.4958,645.6,2013,215.16
1811,Kepler-37 d,1.9068,525.4,2013,215.16
1812,Kepler-370 b,45.1276,1152.2,2014,3716.3348
1813,Kepler-370 c,54.026,716.7,2014,3716.3348
1814,Kepler-371 b,53.7082,595.9,2014,2078.3804
1815,Kepler-371 c,50.5302,476.6,2014,2078.3804
1816,Kepler-372 b,38.4538,1259.5,2014,5019.3894
1817,Kepler-372 c,59.1108,880.4,2014,5019.3894
1818,Kepler-372 d,47.9878,769,2014,5019.3894
1819,Kepler-373 b,38.4538,1036.4,2014,2490.151
1820,Kepler-373 c,35.2758,716.9,2014,2490.151
1821,Kepler-374 b,29.2376,1588,2014,3099.9014
1822,Kepler-374 c,31.1444,1322.9,2014,3099.9014
1823,Kepler-374 d,37.1826,1147.6,2014,3099.9014
1824,Kepler-375 b,40.9962,799.6,2014,4314.4796
1825,Kepler-375 c,75.0008,676.9,2014,4314.4796
1826,Kepler-376 b,30.191,1295.9,2014,2562.1644
1827,Kepler-376 c,50.848,910.8,2014,2562.1644
1828,Kepler-377 b,39.4072,977.1,2014,2820.552
1829,Kepler-377 c,58.4752,756,2014,2820.552
1830,Kepler-378 b,21.2926,521.2,2014,503.8982
1831,Kepler-378 c,19.7036,428.8,2014,503.8982
1832,Kepler-379 b,47.0344,877,2014,2473.362
1833,Kepler-379 c,64.8312,599.9,2014,2473.362
1834,Kepler-380 b,33.6868,1460.5,2014,2646.2724
1835,Kepler-380 c,35.9114,1170.8,2014,2646.2724
1836,Kepler-381 b,27.9664,1492.5,2014,792.9298
1837,Kepler-381 c,31.78,1118,2014,792.9298
1838,Kepler-382 b,37.5004,1078.7,2014,2742.0186
1839,Kepler-382 c,45.1276,815.8,2014,2742.0186
1840,Kepler-383 b,37.5004,567.3,2014,1694.6132
1841,Kepler-383 c,35.2758,422.7,2014,1694.6132
1842,Kepler-384 b,31.78,638.5,2014,1573.0152
1843,Kepler-384 c,32.0978,506.2,2014,1573.0152
1844,Kepler-385 b,77.5432,1072.3,2014,5468.3892
1845,Kepler-385 c,86.1238,934.7,2014,5468.3892
1846,Kepler-386 b,39.4072,676.9,2014,3024.0086
1847,Kepler-386 c,44.8098,533.1,2014,3024.0086
1848,Kepler-387 b,29.2376,1074.7,2014,2407.4122
1849,Kepler-387 c,25.1062,893,2014,2407.4122
1850,Kepler-388 b,22.8816,807.5,2014,1300.7726
1851,Kepler-388 c,24.4706,500.9,2014,1300.7726
1852,Kepler-389 b,42.903,1113.8,2014,3591.7376
1853,Kepler-389 c,41.314,676,2014,3591.7376
1854,Kepler-390 b,23.1994,830.4,2014,1400.333
1855,Kepler-390 c,22.246,666,2014,1400.333
1856,Kepler-391 b,90.573,1649.3,2014,3828.8048
1857,Kepler-391 c,100.4248,1175.5,2014,3828.8048
1858,Kepler-392 b,28.2842,1243.9,2014,2150.9806
1859,Kepler-392 c,31.1444,995.5,2014,2150.9806
1860,Kepler-393 b,36.547,1197.4,2014,2570.4774
1861,Kepler-393 c,37.8182,1025.6,2014,2570.4774
1862,Kepler-394 b,45.4454,1173.5,2014,4635.9808
1863,Kepler-394 c,47.0344,1021.7,2014,4635.9808
1864,Kepler-395 b,29.2376,571.1,2014,1751.3046
1865,Kepler-395 c,37.5004,334.9,2014,1751.3046
1866,Kepler-397 b,69.5982,569.5,2014,3761.4532
1867,Kepler-397 c,175.1078,311.9,2014,3761.4532
1868,Kepler-398 b,26.3774,758.6,2014,610.109
1869,Kepler-398 c,28.602,538.4,2014,610.109
1870,Kepler-399 b,27.3308,642.3,2014,1772.5924
1871,Kepler-399 c,40.6784,523.3,2014,1772.5924
1872,Kepler-399 d,53.7082,403.9,2014,1772.5924
1873,Kepler-4 b,24.4706,1613,2010,1793
1874,Kepler-400 b,46.7166,1042.6,2014,2336.1812
1875,Kepler-400 c,42.2674,838.6,2014,2336.1812
1876,Kepler-401 b,48.6234,1000.9,2014,2523.3052
1877,Kepler-401 c,61.0176,672.9,2014,2523.3052
1878,Kepler-402 b,34.6402,1483,2014,2324.054
1879,Kepler-402 c,44.1742,1289.7,2014,2324.054
1880,Kepler-402 d,39.0894,1137.8,2014,2324.054
1881,Kepler-402 e,41.314,1053.3,2014,2324.054
1882,Kepler-403 b,35.5936,1263,2014,1974.3538
1883,Kepler-403 c,49.5768,639,2014,1974.3538
1884,Kepler-404 b,35.9114,804.1,2014,3454.8176
1885,Kepler-404 c,48.6234,747,2014,3454.8176
1886,Kepler-405 b,59.1108,862.2,2014,4932.4452
1887,Kepler-405 c,132.2048,611.7,2014,4932.4452
1888,Kepler-406 b,6.356,1452.8,2014,1152.736
1889,Kepler-406 c,2.8602,1171.8,2014,1152.736
1890,Kepler-407 b,30.191,682.3,2014,1064.064
1891,Kepler-41 b,156.6754,1576.2,2011,2514.8618
1893,Kepler-412 b,295.2362,1831.6,2014,3442.56
1894,Kepler-42 b,22.246,574.2,2012,126.162
1895,Kepler-42 c,20.657,797.4,2012,126.162
1896,Kepler-42 d,16.2078,497.6,2012,126.162
1897,Kepler-421 b,120.4462,189.8,2014,1043.2
1898,Kepler-424 b,328.6052,1223,2014,2157.2072
1899,Kepler-424 c,2236.3586,363.4,2014,2157.2072
1905,Kepler-433 b,905.4122,1879.9,2012,6096.2
1906,Kepler-434 b,907.0012,1073,2015,4042.4
1907,Kepler-435 b,271.4012,1814.8,2012,6748.2
1908,Kepler-436 b,77.5432,352.7,2015,2014.68
1909,Kepler-436 c,66.1024,551.9,2016,2014.68
1910,Kepler-437 b,60.6998,338,2015,1359.42
1911,Kepler-438 b,31.78,314.5,2015,472.7
1912,Kepler-439 b,63.56,316,2015,2259.18
1913,Kepler-44 b,322.567,1604.5,2011,7335
1914,Kepler-440 b,52.7548,250.7,2015,850.86
1915,Kepler-441 b,46.3988,205.7,2015,925.84
1916,Kepler-442 b,38.136,264.1,2015,1114.92
1917,Kepler-443 b,66.1024,255.9,2015,2539.54
1918,Kepler-444 b,11.7586,1124.3,2015,116.382
1919,Kepler-444 c,14.301,1147.8,2015,116.382
1920,Kepler-444 d,15.2544,949.9,2015,116.382
1921,Kepler-444 e,15.89,841.5,2015,116.382
1922,Kepler-444 f,21.6104,877.7,2015,116.382
1923,Kepler-445 b,45.7632,460.9,2015,293.4
1924,Kepler-445 c,72.7762,391.4,2015,293.4
1925,Kepler-445 d,36.2292,329.7,2015,293.4
1926,Kepler-446 b,43.5386,628.6,2015,391.2
1927,Kepler-446 c,32.0978,504.1,2015,391.2
1928,Kepler-446 d,39.0894,422.7,2015,391.2
1930,Kepler-45 b,162.3958,837.6,2011,1085.58
1931,Kepler-454 b,6.9916,920.1,2015,652
1932,Kepler-454 c,1421.5194,253,2015,652
1933,Kepler-46 b,256.7824,545.2,2012,2787.3
1953,Kepler-48 b,3.8136,1024.2,2012,1020.8364
1954,Kepler-48 c,14.6188,809.6,2012,1020.8364
1955,Kepler-48 d,57.8396,492.8,2014,1020.8364
1967,Kepler-49 b,76.9076,570.4,2014,1256.2084
1968,Kepler-49 c,72.1406,496.6,2014,1256.2084
1969,Kepler-49 d,45.4454,799.2,2014,1256.2084
1970,Kepler-49 e,44.1742,413.5,2014,1256.2084
1982,Kepler-50 b,62.2888,1393.8,2012,879.5154
1983,Kepler-50 c,79.1322,1311.5,2012,879.5154
2006,Kepler-52 b,59.4286,564,2014,1161.8966
2007,Kepler-52 c,52.1192,441.9,2014,1161.8966
2008,Kepler-52 d,55.2972,330.4,2014,1161.8966
2022,Kepler-53 b,81.9924,720.6,2014,4663.8864
2023,Kepler-53 c,89.9374,565.7,2014,4663.8864
2024,Kepler-53 d,60.0642,960.8,2014,4663.8864
2035,Kepler-54 b,59.4286,504.8,2014,1628.4026
2036,Kepler-54 c,34.958,440.3,2014,1628.4026
2037,Kepler-54 d,43.2208,395.4,2014,1628.4026
2049,Kepler-55 b,68.9626,408.6,2014,1988.6326
2050,Kepler-55 c,62.6066,356.3,2014,1988.6326
2051,Kepler-55 d,45.1276,937.2,2014,1988.6326
2052,Kepler-55 e,43.8564,733.2,2014,1988.6326
2053,Kepler-55 f,45.1276,563,2014,1988.6326
2078,Kepler-57 b,61.971,873.4,2012,1858.363
2079,Kepler-57 c,43.8564,690.2,2012,1858.363
2090,Kepler-58 b,78.8144,949.9,2014,4247.2258
2091,Kepler-58 c,81.039,825.4,2014,4247.2258
2092,Kepler-58 d,83.2636,651.9,2014,4247.2258
2103,Kepler-59 b,31.78,884,2012,2646.7614
2104,Kepler-59 c,57.204,769.7,2012,2646.7614
2116,Kepler-60 b,64.5134,1274.7,2012,2165.4224
2117,Kepler-60 c,69.916,1183.1,2012,2165.4224
2118,Kepler-60 d,72.1406,1074.7,2012,2165.4224
2132,Kepler-61 b,61.0176,300.5,2013,1063.412
2146,Kepler-62 b,37.1826,838.1,2013,1199.68
2147,Kepler-62 c,15.2544,691.3,2013,1199.68
2148,Kepler-62 d,55.2972,577.6,2013,1199.68
2149,Kepler-62 e,45.7632,311.9,2013,1199.68
2150,Kepler-62 f,40.0428,235.6,2013,1199.68
2162,Kepler-63 b,173.201,865.6,2013,652
2214,Kepler-68 b,6.0382,1252.9,2013,440.1
2215,Kepler-68 c,1.9068,1034,2013,440.1
2216,Kepler-68 d,257.418,291,2013,440.1
2227,Kepler-69 b,63.56,884.5,2013,1929.0724
2228,Kepler-69 c,48.3056,335.6,2013,1929.0724
2283,Kepler-74 b,211.337,1476,2012,4335.8
2294,Kepler-75 b,3172.9152,1292.3,2013,3716.4
2323,Kepler-77 b,136.9718,1248,2013,1858.2
2346,Kepler-79 b,100.4248,931.8,2014,3587.2388
2347,Kepler-79 c,107.7342,741.3,2014,3587.2388
2348,Kepler-79 d,207.5234,685.1,2014,3587.2388
2349,Kepler-79 e,101.0604,587.3,2014,3587.2388
2360,Kepler-8 b,185.2774,1661.1,2010,4335.8
2361,Kepler-80 b,76.5898,706,2014,1363.2342
2362,Kepler-80 c,80.7212,638.8,2014,1363.2342
2363,Kepler-80 d,49.259,872.8,2014,1363.2342
2364,Kepler-80 e,46.3988,760.5,2014,1363.2342
2365,Kepler-80 f,34.958,1349.4,2016,1363.2342
2377,Kepler-81 b,68.6448,708,2014,1337.8388
2378,Kepler-81 c,67.0558,559.9,2014,1337.8388
2379,Kepler-81 d,34.3224,434.7,2014,1337.8388
2390,Kepler-82 b,113.4546,621.5,2014,3295.8926
2391,Kepler-82 c,151.5906,497.6,2014,3295.8926
2392,Kepler-82 d,50.2124,1361.5,2014,3295.8926
2393,Kepler-82 e,69.916,1006.3,2014,3295.8926
2405,Kepler-83 b,80.0856,627.2,2014,2020.1242
2406,Kepler-83 c,67.0558,493.2,2014,2020.1242
2407,Kepler-83 d,54.9794,714,2014,2020.1242
2418,Kepler-84 b,64.5134,1152.1,2014,4198.1302
2419,Kepler-84 c,68.327,1011.8,2014,4198.1302
2420,Kepler-84 d,39.0894,1390.2,2014,4198.1302
2421,Kepler-84 e,73.7296,745.1,2014,4198.1302
2422,Kepler-84 f,62.2888,633.9,2014,4198.1302
2433,Kepler-85 b,55.9328,1056.3,2014,2623.4524
2434,Kepler-85 c,61.6532,921.4,2014,2623.4524
2435,Kepler-85 d,34.0046,676.6,2014,2623.4524
2436,Kepler-85 e,35.9114,603.7,2014,2623.4524
2457,Kepler-87 b,384.538,537.1,2013,2548.7658
2458,Kepler-87 c,174.4722,453.7,2013,2548.7658
2480,Kepler-89 b,9.2162,1875.5,2012,1389.412
2481,Kepler-89 c,125.2132,1529.1,2012,1389.412
2482,Kepler-89 d,96.2934,892.2,2012,1389.412
2483,Kepler-89 e,31.4622,672.3,2012,1389.412
2526,Kepler-93 b,2.5424,1134.3,2014,315.242
2538,Kepler-94 b,99.4714,1095,2014,726.98
2549,Kepler-95 b,96.929,1019.4,2014,1487.538
2563,Kepler-96 b,8.2628,782.1,2014,417.28
2577,Kepler-97 b,3.4958,1451.2,2014,1350.944
2588,Kepler-98 b,3.178,1743.9,2014,1425.272
2599,Kepler-99 b,6.356,880.4,2014,721.438
2612,NGC 2423 3 b,2107.3318,882.4,2007,2497.16
2614,OGLE-TR-10 b,199.2606,1488,2004,4890
2615,OGLE-TR-111 b,174.1544,1023.1,2004,4890
2616,OGLE-TR-113 b,398.839,1342.8,2004,4890
2617,OGLE-TR-132 b,371.5082,1974.5,2004,4890
2620,OGLE-TR-56 b,430.3012,2206,2002,4890
2621,OGLE2-TR-L9 b,1430.7356,2033.8,2007,2934
2622,PH-2 b,286.6556,388.9,2013,1205.548
2626,TRAPPIST-1 b,32.4156,399.1,2016,39.446
2627,TRAPPIST-1 c,29.5554,341,2016,39.446
2628,TrES-1 b,238.9856,1143.4,2004,511.82
2629,TrES-3 b,595.2394,1628.6,2007,1304
2630,TrES-5 b,562.506,1481.8,2011,1173.6
2633,WASP-1 b,263.1384,1848.7,2006,1238.8
2634,WASP-10 b,1013.782,985.6,2008,293.4
2637,WASP-103 b,471.933,2504.4,2014,1532.2
2638,WASP-104 b,401.6992,1516.1,2014,466.18
2639,WASP-106 b,576.807,1154.3,2014,922.58
2640,WASP-11 b,171.612,952.9,2008,396.742
2642,WASP-12 b,428.7122,2649.1,2008,815
2643,WASP-13 b,150.0016,1553.1,2008,505.3
2644,WASP-135 b,598.0996,1712.3,2015,978
2645,WASP-14 b,2432.759,1954.4,2008,521.6
2646,WASP-15 b,171.9298,1651.8,2008,1004.08
2648,WASP-17 b,161.4424,1548.1,2009,1304
2649,WASP-18 b,3198.3392,2407.9,2009,326
2650,WASP-19 b,354.0292,2070.4,2009,815
2651,WASP-20 b,98.518,1381.8,2011,684.6
2652,WASP-21 b,95.34,1261.2,2010,749.8
2653,WASP-22 b,177.6502,1437.1,2010,978
2655,WASP-24 b,344.4952,1768.3,2010,1075.8
2656,WASP-25 b,183.6884,1221.7,2010,550.94
2657,WASP-26 b,320.6602,1412.3,2010,815
2658,WASP-28 b,287.609,1467.7,2010,1336.6
2659,WASP-29 b,77.2254,988.5,2010,260.8
2660,WASP-3 b,636.8712,1990.1,2007,717.2
2661,WASP-31 b,151.5906,1574.5,2010,1304
2663,WASP-33 b,475.7466,2693.2,2010,378.16
2664,WASP-34 b,184.6418,1184.1,2010,391.2
2666,WASP-36 b,716.639,1699.1,2010,1467
2667,WASP-37 b,569.8154,1325.7,2010,1101.88
2668,WASP-38 b,860.9202,1275.1,2010,358.6
2669,WASP-39 b,90.2552,1117.5,2011,749.8
2670,WASP-4 b,388.6694,1670.2,2007,978
2671,WASP-41 b,298.4142,1243.6,2010,586.8
2672,WASP-41 c,945.455,304.4,2015,586.8
2673,WASP-42 b,157.9466,988,2011,521.6
2674,WASP-43 b,559.6458,1374.9,2011,260.8
2678,WASP-47 b,356.8894,1277,2011,652
2679,WASP-47 c,393.1186,265,2015,652
2680,WASP-47 d,102.9672,986.3,2015,652
2682,WASP-49 b,119.8106,1370.2,2011,554.2
2683,WASP-5 b,514.836,1741.4,2007,968.22
2684,WASP-50 b,465.2592,1398.8,2011,749.8
2685,WASP-52 b,144.9168,1300.8,2011,456.4
2686,WASP-54 b,200.214,1843.2,2011,652
2687,WASP-55 b,181.4638,1269.1,2011,1075.8
2688,WASP-56 b,192.269,1201.6,2011,831.3
2689,WASP-57 b,214.515,1255.9,2011,1483.3
2690,WASP-58 b,282.842,1275.9,2011,978
2691,WASP-59 b,272.9902,700.9,2011,407.5
2692,WASP-6 b,165.5738,1217,2008,1000.82
2693,WASP-60 b,162.7136,1317.9,2011,1304
2694,WASP-61 b,653.079,1549.3,2011,1564.8
2695,WASP-62 b,178.6036,1426.9,2011,521.6
2696,WASP-63 b,120.1284,1530.6,2011,1075.8
2697,WASP-64 b,403.2882,1690.1,2011,1141
2698,WASP-66 b,733.4824,1801.1,2011,1238.8
2699,WASP-67 b,132.8404,1027.6,2011,733.5
2701,WASP-69 b,82.3102,960.5,2011,163
2702,WASP-7 b,292.0582,1395.2,2008,456.4
2703,WASP-70 A b,187.1842,1375,2011,798.7
2704,WASP-72 b,446.8268,2060.4,2012,1108.4
2706,WASP-74 b,298.732,1922.3,2014,391.2
2707,WASP-75 b,337.5036,1704.5,2013,847.6
2708,WASP-77 A b,559.0102,1670.9,2012,303.18
2709,WASP-78 b,279.0284,2294.7,2012,1793
2710,WASP-79 b,281.253,1762.2,2012,782.4
2711,WASP-8 b,679.1386,1116.1,2008,283.62
2712,WASP-80 b,175.4256,813.4,2013,195.6
2713,WASP-82 b,396.2966,2178.8,2013,652
2714,WASP-83 b,94.0688,1114.3,2014,978
2715,WASP-84 b,220.5532,795.8,2013,407.5
2718,WASP-94 A b,133.1582,1503.5,2014,586.8
2719,WASP-94 B b,197.036,1849.3,2014,586.8
2725,WTS-1 b,1267.0686,1535.3,2012,10432
2726,WTS-2 b,353.0758,1543.9,2014,3260
2727,XO-1 b,291.7404,1206.9,2006,652
2728,XO-2S b,82.3102,791.9,2014,482.48
2729,XO-2S c,435.7038,414.2,2014,482.48
2730,XO-3 b,4148.879,2425.6,2007,847.6
2731,XO-5 b,365.7878,1207,2008,831.3
2732,eta Cet b,810.0722,792.4,2014,123.8474
2733,eta Cet c,1044.6086,603.4,2014,123.8474
2734,kappa CrB b,627.655,343,2007,99.43
2735,mu Leo b,762.72,728.6,2014,124.043
2736,xi Aql b,565.3662,1001.6,2008,204.402
2737,Mercury,0.0553,449,0,0
2738,Venus,0.815,328,0,0
2739,Earth,1,287,0,0
2740,Mars,0.107,226,0,0
2741,Jupiter,317.8,122,0,0
2742,Saturn,95.2,90,0,0
2743,Neptune,17.1,51,1846,0
2744,Uranus,14.5,64,1781,0
