Planet,Earth_Masses,Temperature_Kelvin,Year
Mercury,0.0553,449,2000
Venus,0.815,328,2000
Earth,1,287,2000
Mars,0.107,226,2000
Saturn,95.2,90,2000
Jupiter,317.8,122,2000
Neptune,17.1,51,2000
Uranus,14.5,64,2000
11 Com b,5125.4784,849.8,2008
11 UMi b,3523.4486,1176.6,2009
14 And b,1488.5752,862.8,2008
14 Her b,1657.327,182.4,2002
18 Del b,3272.7044,475.9,2008
24 Sex b,583.4808,450.9,2010
24 Sex c,482.1026,421.6,2010
30 Ari B b,3139.2284,365.3,2009
4 UMa b,2266.5496,1774.3,2007
42 Dra b,1186.0296,1117.7,2009
47 UMa b,809.1188,210.3,1996
47 UMa c,173.5188,167.1,2001
51 Peg b,146.5058,1245.2,1995
55 Cnc b,254.5578,723.9,1996
55 Cnc c,52.437,517.8,2002
55 Cnc d,1126.601,105,2002
55 Cnc e,8.2628,1957.9,2004
55 Cnc f,54.9794,335.4,2007
6 Lyn b,702.0202,392.3,2008
61 Vir b,5.0848,1265.9,2009
61 Vir c,10.4874,615.2,2009
61 Vir d,22.8816,478.4,2009
7 CMa b,772.8896,279.6,2011
70 Vir b,2371.1058,627.7,1996
75 Cet b,877.128,579.9,2012
81 Cet b,1370.0358,688.4,2008
CoRoT-1 b,326.0628,1899.4,2007
CoRoT-10 b,875.2212,976.8,2010
CoRoT-11 b,740.7918,1731.5,2010
CoRoT-12 b,291.1048,1496,2010
CoRoT-13 b,416.318,1274.7,2010
CoRoT-14 b,2405.1104,1951,2010
CoRoT-16 b,170.3408,1460.5,2010
CoRoT-17 b,781.4702,1552.5,2010
CoRoT-18 b,1105.944,1557.3,2011
CoRoT-19 b,351.8046,1699.8,2011
CoRoT-2 b,1040.1594,1548,2007
CoRoT-20 b,1348.1076,1440.9,2011
CoRoT-22 b,13.0298,1046.1,2014
CoRoT-23 b,977.8706,1791.2,2011
CoRoT-25 b,84.217,1321.4,2013
CoRoT-26 b,152.2262,1574.1,2013
CoRoT-27 b,3295.9038,1368.6,2014
CoRoT-28 b,153.8152,1396.9,2015
CoRoT-29 b,270.7656,1272.2,2015
CoRoT-3 b,6927.7222,1694.4,2008
CoRoT-4 b,227.8626,1074.2,2008
CoRoT-5 b,146.5058,1507.1,2008
CoRoT-6 b,938.4634,1017.1,2009
CoRoT-7 b,4.4492,1809.3,2009
CoRoT-8 b,68.6448,853.7,2010
CoRoT-9 b,268.2232,436.9,2010
HAT-P-1 b,168.7518,1304.7,2006
HAT-P-11 b,26.3774,972.3,2009
HAT-P-12 b,67.0558,958.2,2009
HAT-P-13 b,270.4478,1658.6,2009
HAT-P-13 c,4535.006,528.6,2009
HAT-P-14 b,706.1516,1657,2010
HAT-P-15 b,620.0278,998,2010
HAT-P-16 b,1333.171,1654.4,2010
HAT-P-17 b,168.434,963.3,2010
HAT-P-18 b,62.6066,885.3,2010
HAT-P-19 b,92.7976,1044.4,2010
HAT-P-2 b,2814.4368,2055.1,2007
HAT-P-20 b,2312.9484,977.9,2010
HAT-P-21 b,1294.3994,1448.8,2010
HAT-P-22 b,682.6344,1291.5,2010
HAT-P-23 b,663.5664,2168.4,2010
HAT-P-24 b,218.0108,1692.9,2010
HAT-P-25 b,180.1926,1222.9,2010
HAT-P-26 b,18.7502,1061.5,2010
HAT-P-27 b,195.447,1167.7,2011
HAT-P-28 b,199.2606,1417.7,2011
HAT-P-29 b,247.2484,1321.7,2011
HAT-P-3 b,189.091,1157.9,2007
HAT-P-30 b,224.6846,1666,2011
HAT-P-31 b,688.3548,1586.5,2011
HAT-P-32 b,273.6258,1785,2011
HAT-P-33 b,242.1636,1779.5,2011
HAT-P-34 b,1058.274,1746.2,2012
HAT-P-35 b,334.6434,1598.2,2012
HAT-P-36 b,583.163,1878.4,2012
HAT-P-37 b,372.4616,1313.8,2012
HAT-P-38 b,84.8526,1117.7,2012
HAT-P-39 b,190.0444,1750.9,2012
HAT-P-4 b,213.5616,1694.2,2007
HAT-P-40 b,197.036,1765.1,2012
HAT-P-41 b,254.24,1937,2012
HAT-P-44 b,108.052,1293.9,2013
HAT-P-45 b,284.1132,1690.2,2013
HAT-P-46 b,157.6288,1550.2,2013
HAT-P-49 b,548.5228,2127.8,2014
HAT-P-5 b,334.9612,1537.1,2007
HAT-P-54 b,241.8458,819.2,2014
HAT-P-56 b,686.448,1839,2015
HAT-P-57 b,448.7336,2197.7,2015
HAT-P-6 b,335.5968,1672.5,2007
HAT-P-7 b,565.3662,2225.2,2008
HAT-P-8 b,410.5976,1772,2008
HAT-P-9 b,246.295,1529.9,2008
HATS-1 b,591.108,1457.6,2012
HATS-10 b,166.5272,1406.1,2015
HATS-13 b,172.2476,1244.9,2015
HATS-14 b,339.4104,1274.6,2015
HATS-2 b,428.3944,1575.3,2013
HATS-3 b,340.3638,1647.3,2013
HATS-4 b,399.4746,1394.7,2014
HATS-5 b,75.6364,1035,2014
HATS-6 b,101.696,712.1,2014
HATS-9 b,264.4096,1816.4,2015
HD 100655 b,423.9452,893,2011
HD 100777 b,370.237,343.7,2007
HD 10180 c,13.3476,1233.4,2010
HD 10180 d,12.0764,903.9,2010
HD 10180 e,25.424,597.3,2010
HD 10180 f,23.5172,459.1,2010
HD 10180 g,21.2926,251.6,2010
HD 10180 h,65.4668,176,2010
HD 101930 b,95.0222,517.1,2005
HD 102117 b,54.026,799.5,2004
HD 102195 b,143.9634,1128,2005
HD 102272 b,1305.8402,1183.8,2008
HD 102329 b,1423.1084,516.4,2011
HD 102365 b,16.2078,446.9,2011
HD 102956 b,302.2278,1624.9,2010
HD 103197 b,31.1444,516.3,2009
HD 103774 b,116.9504,1481.3,2013
HD 104067 b,59.1108,431.7,2009
HD 10442 b,667.38,310,2014
HD 104985 b,1562.6226,787.9,2003
HD 106252 b,2211.5702,257.8,2002
HD 106270 b,3523.4486,272.3,2011
HD 10647 b,293.965,245.9,2003
HD 10697 b,1981.483,245.3,2000
HD 107148 b,67.3736,563.2,2006
HD 108147 b,81.9924,1548.4,2002
HD 108341 b,1104.9906,400,2014
HD 108863 b,879.0348,530.7,2011
HD 108874 b,409.962,298.2,2003
HD 108874 c,326.6984,201.5,2005
HD 109246 b,244.0704,526.7,2010
HD 111232 b,2174.3876,197.1,2004
HD 113337 b,899.374,519.8,2013
HD 114386 b,433.4792,160.9,2003
HD 114613 b,160.8068,191.6,2014
HD 114762 b,3697.603,541.7,1992
HD 114783 b,351.169,227.4,2001
HD 11506 b,1504.783,243.1,2007
HD 11506 c,114.408,438.8,2009
HD 116029 b,606.3624,405.7,2011
HD 117207 b,578.0782,150.5,2004
HD 11755 b,2081.9078,1158.8,2015
HD 117618 b,56.2506,974.7,2004
HD 118203 b,678.8208,1796.1,2005
HD 11977 b,2351.72,626.7,2005
HD 120084 b,1422.7906,647.9,2013
HD 121504 b,388.3516,476.6,2003
HD 125595 b,13.3476,845.5,2009
HD 125612 b,975.0104,336.9,2007
HD 125612 c,18.4324,1492.1,2009
HD 12648 b,921.3022,978.7,2015
HD 12661 b,743.9698,395.9,2000
HD 12661 c,619.3922,170.1,2002
HD 126614 A b,122.6708,240,2010
HD 128311 b,463.0346,216.7,2002
HD 128311 c,1032.2144,157.7,2005
HD 130322 b,331.4654,853.9,1999
HD 131496 b,712.1898,381.7,2011
HD 13189 b,2263.6894,1243.6,2005
HD 132563 B b,474.1576,222.6,2011
HD 134987 b,496.7214,380.2,1999
HD 134987 c,255.829,132.2,2009
HD 136418 b,633.3754,478.6,2010
HD 137388 b,72.4584,331.2,2011
HD 13908 b,274.897,1017.6,2013
HD 13908 c,1630.314,291.3,2013
HD 13931 b,597.7818,138.4,2010
HD 139357 b,3201.835,434.5,2009
HD 141937 b,3011.155,309,2002
HD 142245 b,600.642,299.9,2011
HD 142415 b,528.1836,413.4,2003
HD 145377 b,1837.5196,522.1,2008
HD 145457 b,944.5016,861.3,2010
HD 1461 b,7.6272,1261.7,2009
HD 147018 b,675.9606,755.5,2009
HD 147018 c,2095.5732,208.5,2009
HD 148156 b,269.4944,295.6,2009
HD 148427 b,363.5632,507.2,2009
HD 149026 b,114.408,1672.6,2005
HD 149143 b,422.0384,1624.7,2005
HD 1502 b,923.8446,475.8,2011
HD 152581 b,481.1492,397.5,2011
HD 153950 b,871.4076,342,2008
HD 154345 b,304.1346,131.4,2006
HD 154672 b,1590.9068,653.8,2008
HD 154857 b,714.4144,441.6,2004
HD 154857 c,819.6062,164.3,2014
HD 155233 b,633.6932,331.9,2015
HD 155358 b,260.2782,471.3,2007
HD 155358 c,256.4646,370.8,2007
HD 156279 b,3109.673,677.2,2011
HD 156411 b,232.9474,320.9,2009
HD 156668 b,4.1314,892.8,2010
HD 156846 b,3498.3424,900.9,2008
HD 158038 b,570.1332,527.5,2011
HD 159243 b,359.114,950,2013
HD 159243 c,603.82,362.1,2013
HD 159868 b,699.16,241.7,2007
HD 159868 c,231.994,390.1,2012
HD 1605 b,307.9482,382,2015
HD 1605 c,1113.2534,250.7,2015
HD 16175 b,1391.6462,348.4,2007
HD 162020 b,4835.0092,724.4,2002
HD 163607 b,244.3882,1117.6,2011
HD 163607 c,728.3976,238.6,2011
HD 16417 b,21.2926,1028.3,2009
HD 164509 b,152.544,364.1,2011
HD 164922 b,113.7724,174.3,2006
HD 1666 b,2056.4838,718.5,2015
HD 167042 b,520.2386,458.5,2007
HD 168443 b,2446.1066,896.8,1998
HD 168443 c,5525.2708,222.5,2001
HD 168746 b,77.861,1045,2002
HD 1690 b,2073.9628,1382,2010
HD 169830 b,918.1242,537.7,2000
HD 169830 c,1291.5392,259.3,2003
HD 170469 b,212.6082,219.5,2007
HD 17092 b,1576.9236,737.4,2007
HD 171028 b,631.7864,544.4,2007
HD 171238 b,829.1402,218.7,2009
HD 17156 b,1048.74,1579.1,2007
HD 173416 b,863.7804,893.7,2009
HD 175541 b,167.7984,538.5,2007
HD 178911 B b,2317.0798,467.5,2001
HD 179079 b,26.6952,981.1,2009
HD 179949 b,286.6556,1589.1,2000
HD 180314 b,7190.5428,619.6,2010
HD 180902 b,497.0392,425.3,2010
HD 181342 b,1000.7522,432,2010
HD 181433 b,7.6272,1092.2,2008
HD 181433 c,203.392,213.6,2008
HD 181433 d,170.023,191.6,2008
HD 181720 b,118.2216,266.1,2009
HD 183263 b,1135.8172,309,2004
HD 183263 c,1104.6728,167.3,2008
HD 185269 b,303.1812,1998.4,2006
HD 187085 b,255.5112,323.6,2006
HD 187123 b,162.078,1468.4,1998
HD 187123 c,617.1676,157.7,2007
HD 18742 b,910.1792,434,2011
HD 190647 b,604.7734,248.3,2007
HD 192263 b,203.0742,542.8,1999
HD 192699 b,728.3976,476.4,2007
HD 197037 b,256.4646,244.3,2012
HD 200964 b,619.3922,380.3,2010
HD 200964 c,300.6388,373.1,2010
HD 202206 b,5346.6672,409.1,2002
HD 202206 c,740.7918,205.1,2004
HD 2039 b,1882.965,387.5,2002
HD 204313 b,1112.6178,191.8,2009
HD 204313 d,510.3868,164.6,2012
HD 204941 b,84.8526,177.2,2011
HD 205739 b,472.5686,445.6,2008
HD 206610 b,626.3838,476.7,2010
HD 20782 b,603.82,1457.4,2006
HD 207832 b,179.2392,371.2,2012
HD 207832 c,231.994,210.5,2012
HD 20794 b,2.5424,830.1,2011
HD 20794 c,2.2246,639.2,2011
HD 20794 d,4.767,487.7,2011
HD 208487 b,162.7136,510.7,2004
HD 208527 b,3182.4492,896.9,2012
HD 20868 b,638.4602,510.7,2008
HD 209458 b,218.9642,1446,1999
HD 210277 b,404.5594,337.2,1998
HD 210702 b,592.697,515.6,2007
HD 212771 b,858.06,482.8,2010
HD 215497 b,6.6738,1310.8,2009
HD 215497 c,104.2384,320.7,2009
HD 216437 b,688.9904,253.6,2002
HD 216536 b,470.6618,1287.4,2015
HD 216770 b,205.6166,497.5,2003
HD 217107 b,445.2378,1315.9,1998
HD 217107 c,831.047,209.9,2005
HD 217786 b,4190.8286,258.2,2010
HD 218566 b,67.6914,257.5,2010
HD 219828 b,19.7036,1516.5,2007
HD 220074 b,3555.5464,1196.1,2012
HD 220773 b,460.81,213.9,2012
HD 221287 b,989.947,297.6,2007
HD 222155 b,643.8628,172.9,2012
HD 224693 b,227.227,736.4,2006
HD 22781 b,4398.352,447.5,2011
HD 23079 b,776.3854,257.4,2001
HD 23127 b,446.509,299.2,2007
HD 231701 b,345.4486,471.6,2007
HD 23596 b,2460.7254,279.8,2002
HD 240210 b,2316.4442,807.3,2009
HD 24040 b,1278.1916,139.4,2006
HD 24064 b,3003.8456,1313,2015
HD 25171 b,303.8168,183.9,2010
HD 2638 b,151.5906,1282,2005
HD 27894 b,196.4004,756.3,2005
HD 28185 b,1842.2866,277.5,2001
HD 28254 b,368.9658,535.4,2009
HD 285507 b,291.4226,758,2013
HD 28678 b,603.82,585.8,2011
HD 290327 b,809.7544,150.5,2009
HD 2952 b,514.836,763.6,2013
HD 30177 b,3078.8464,169.8,2002
HD 30562 b,423.6274,450.4,2009
HD 30856 b,590.1546,421.6,2011
HD 31253 b,159.2178,392.5,2010
HD 32518 b,1063.041,1420,2009
HD 32963 b,222.46,139.8,2015
HD 330075 b,198.3072,1342.2,2004
HD 33142 b,448.4158,515.1,2011
HD 33283 b,104.874,1267.8,2006
HD 33844 b,622.888,462.9,2015
HD 33844 c,562.1882,386.3,2015
HD 34445 b,251.3798,270.4,2010
HD 3651 b,72.7762,705.2,2003
HD 37124 b,214.1972,328,1999
HD 37124 c,205.9344,190.5,2005
HD 37124 d,218.3286,151.8,2003
HD 37605 b,890.4756,831,2004
HD 37605 c,1069.7148,129.6,2012
HD 38283 b,107.4164,456.4,2011
HD 38801 b,3181.178,299.1,2010
HD 39091 b,3205.9664,280.5,2001
HD 40307 b,4.1314,1015.1,2008
HD 40307 c,6.6738,776.9,2008
HD 40307 d,8.8984,604.1,2008
HD 4113 b,523.7344,809,2007
HD 4203 b,661.6596,395.1,2001
HD 4208 b,256.4646,201.9,2001
HD 4308 b,15.2544,721.3,2005
HD 4313 b,690.2616,465.9,2010
HD 43197 b,189.7266,735.4,2009
HD 43691 b,793.5466,760.3,2007
HD 44219 b,187.1842,475.9,2009
HD 45350 b,583.4808,447.7,2004
HD 45364 b,59.4286,352.3,2009
HD 45364 c,209.4302,294.6,2009
HD 45652 b,148.7304,725.8,2008
HD 47186 b,22.5638,1329,2008
HD 47186 c,110.5944,217.3,2008
HD 4732 b,755.4106,553.1,2012
HD 4732 c,751.597,299.3,2012
HD 49674 b,32.4156,1127.6,2002
HD 50499 b,554.561,187.3,2005
HD 50554 b,1398.0022,285.3,2002
HD 52265 b,340.3638,585.3,2000
HD 5319 b,560.917,366.7,2007
HD 5319 c,365.47,353.5,2014
HD 5608 b,468.4372,437.9,2012
HD 5891 b,1661.4584,1038.2,2011
HD 60532 b,328.923,609.4,2008
HD 60532 c,782.7414,362.1,2008
HD 63454 b,122.353,1319.2,2005
HD 63765 b,204.6632,305.9,2009
HD 6434 b,126.1666,734.1,2000
HD 65216 b,386.4448,285.5,2003
HD 66428 b,873.95,211.7,2006
HD 67087 b,984.5444,400.9,2015
HD 6718 b,495.4502,151.5,2009
HD 68988 b,572.04,1229.5,2001
HD 69830 b,10.1696,935.2,2006
HD 69830 c,11.7586,618.3,2006
HD 69830 d,17.7968,324.8,2006
HD 70642 b,606.6802,159.4,2003
HD 7199 b,93.751,261.4,2011
HD 72659 b,1008.6972,171.8,2002
HD 73256 b,593.9682,1579.6,2003
HD 73267 b,973.4214,216.5,2008
HD 73526 b,907.6368,448.8,2002
HD 73526 c,769.3938,345.4,2006
HD 73534 b,339.4104,239.9,2009
HD 74156 b,563.4594,1033.1,2003
HD 74156 c,2620.8966,218.2,2003
HD 7449 b,417.2714,436.8,2011
HD 75784 b,1779.68,211.8,2014
HD 75898 b,799.267,348.9,2007
HD 76700 b,73.7296,1412.4,2002
HD 77338 b,15.89,1029.1,2012
HD 7924 b,8.5806,955.6,2009
HD 7924 c,7.945,690.1,2015
HD 7924 d,6.356,630.7,2015
HD 79498 b,427.7588,259.4,2012
HD 80606 b,1236.242,1547.9,2001
HD 81040 b,2185.5106,274.9,2005
HD 81688 b,855.1998,1161.1,2008
HD 82886 b,414.729,397.3,2011
HD 82943 b,504.9842,311.7,2003
HD 82943 c,504.9842,463.6,2003
HD 83443 b,125.8488,1277.3,2002
HD 8535 b,216.7396,209.7,2009
HD 85390 b,41.9496,258.1,2009
HD 85512 b,3.4958,443.5,2011
HD 8574 b,573.9468,476.9,2003
HD 86081 b,475.4288,1710.2,2006
HD 86264 b,2106.0606,404.5,2009
HD 87883 b,558.0568,162.7,2009
HD 88133 b,94.0688,1812,2004
HD 89307 b,569.1798,188.7,2004
HD 90156 b,18.1146,623.9,2009
HD 92788 b,1132.6392,318.9,2000
HD 93083 b,116.9504,403.2,2005
HD 9446 b,222.1422,688.4,2010
HD 9446 c,576.807,341.6,2010
HD 95089 b,358.7962,460,2010
HD 95127 b,1600.4408,852,2015
HD 95872 b,1459.9732,116.3,2015
HD 96063 b,362.9276,448.7,2011
HD 96127 b,1273.4246,967.3,2011
HD 96167 b,217.693,626.7,2009
HD 97658 b,7.945,757.9,2010
HD 98219 b,675.0072,363.4,2011
HD 99109 b,160.1712,249.7,2006
HD 99706 b,445.8734,470.5,2011
HIP 116454 b,11.7586,831.2,2014
HIP 14810 b,1231.1572,1247,2006
HIP 14810 c,405.195,447.1,2006
HIP 14810 d,184.6418,242.1,2009
HIP 5158 b,453.1828,363.9,2009
HIP 57050 b,94.7044,306.7,2010
HIP 57274 b,11.7586,766.3,2011
HIP 57274 c,130.298,448.9,2011
HIP 57274 d,168.1162,215.2,2011
HIP 67851 b,450.6404,888,2014
HIP 91258 b,339.4104,1131.6,2013
HIP 97233 b,6307.3766,562,2014
KELT-3 b,462.0812,1821.3,2012
KELT-6 b,136.9718,1485.9,2013
KELT-7 b,401.6992,2049.9,2015
Kepler-10 b,4.4492,2153.7,2011
Kepler-10 c,16.8434,569.5,2011
Kepler-100 c,62.2888,1033.8,2014
Kepler-1000 b,135.065,523.8,2016
Kepler-1001 b,89.3018,744.3,2016
Kepler-1002 b,48.6234,1574,2016
Kepler-1003 b,50.5302,1466.5,2016
Kepler-1004 b,177.968,1779.7,2016
Kepler-1005 b,42.5852,1099.4,2016
Kepler-1006 b,43.5386,609,2016
Kepler-1007 b,40.6784,805.3,2016
Kepler-1008 b,36.2292,689.3,2016
Kepler-1009 b,61.6532,509.1,2016
Kepler-101 b,166.5272,1633.9,2014
Kepler-101 c,37.8182,1361.3,2014
Kepler-1010 b,65.7846,517.6,2016
Kepler-1011 b,81.3568,992.7,2016
Kepler-1012 b,36.547,1043.2,2016
Kepler-1013 b,61.0176,578.4,2016
Kepler-1014 b,67.6914,681.9,2016
Kepler-1015 b,100.7426,1165.3,2016
Kepler-1016 b,61.6532,1607.2,2016
Kepler-1016 c,104.2384,425.1,2016
Kepler-1017 b,56.5684,920.8,2016
Kepler-1018 b,73.094,494.9,2016
Kepler-1019 b,41.314,1183.2,2016
Kepler-102 b,13.3476,866,2014
Kepler-102 d,4.1314,693.1,2014
Kepler-102 e,9.534,596.9,2014
Kepler-102 f,8.5806,500.1,2014
Kepler-1020 b,64.5134,359,2016
Kepler-1021 b,66.1024,743.7,2016
Kepler-1022 b,67.0558,601.5,2016
Kepler-1023 b,74.683,456.5,2016
Kepler-1024 b,110.9122,400.4,2016
Kepler-1025 b,56.2506,658,2016
Kepler-1026 b,62.6066,463,2016
Kepler-1027 b,25.1062,1389.5,2016
Kepler-1028 b,37.8182,1328.5,2016
Kepler-1029 b,35.5936,958.3,2016
Kepler-103 b,9.534,946.3,2014
Kepler-103 c,145.8702,422.3,2014
Kepler-1030 b,70.2338,579,2016
Kepler-1031 b,24.7884,2019.1,2016
Kepler-1032 b,53.0726,947.7,2016
Kepler-1033 b,71.1872,943.9,2016
Kepler-1034 b,64.1956,719.5,2016
Kepler-1035 b,33.0512,1407.1,2016
Kepler-1036 b,85.4882,365,2016
Kepler-1037 b,36.2292,1573.3,2016
Kepler-1038 b,100.107,323.8,2016
Kepler-1039 b,41.314,1535.8,2016
Kepler-104 c,88.6662,796.2,2014
Kepler-104 d,101.3782,613.4,2014
Kepler-1040 b,59.1108,329.3,2016
Kepler-1041 b,83.2636,725,2016
Kepler-1042 b,61.971,682.7,2016
Kepler-1043 b,72.1406,552.6,2016
Kepler-1044 b,75.6364,1133.9,2016
Kepler-1045 b,76.272,569.7,2016
Kepler-1046 b,48.6234,849.1,2016
Kepler-1047 b,59.1108,543.4,2016
Kepler-1047 c,27.9664,1413.9,2016
Kepler-1048 b,45.7632,738.3,2016
Kepler-1049 b,27.013,702.4,2016
Kepler-105 c,45.7632,1132.9,2014
Kepler-1050 b,45.4454,872.8,2016
Kepler-1050 c,41.9496,785.1,2016
Kepler-1051 b,96.2934,962.7,2016
Kepler-1052 b,82.9458,627.4,2016
Kepler-1053 b,27.6486,1016.2,2016
Kepler-1054 b,74.683,1472.9,2016
Kepler-1055 b,34.958,1454.6,2016
Kepler-1056 b,85.4882,752.1,2016
Kepler-1057 b,95.34,886,2016
Kepler-1058 b,77.2254,291.6,2016
Kepler-1059 b,48.9412,967.6,2016
Kepler-106 b,23.1994,1122.9,2014
Kepler-106 c,70.8694,863.2,2014
Kepler-106 e,72.4584,583.9,2014
Kepler-1060 b,67.3736,552.2,2016
Kepler-1061 b,56.2506,1520.3,2016
Kepler-1062 b,49.8946,661.2,2016
Kepler-1063 b,42.2674,893,2016
Kepler-1064 b,43.8564,636.5,2016
Kepler-1065 b,105.8274,1233.6,2016
Kepler-1065 c,45.4454,1419.2,2016
Kepler-1066 b,67.0558,1583.8,2016
Kepler-1067 b,22.5638,2052.2,2016
Kepler-1068 b,102.9672,782,2016
Kepler-1069 b,45.4454,678.9,2016
Kepler-107 b,44.1742,1628.9,2014
Kepler-107 c,51.1658,1410.1,2014
Kepler-107 d,30.191,1199.7,2014
Kepler-107 e,97.8824,976.7,2014
Kepler-1070 b,48.9412,1305.8,2016
Kepler-1071 b,67.3736,903.9,2016
Kepler-1072 b,44.8098,2049.1,2016
Kepler-1073 b,65.149,971.3,2016
Kepler-1073 c,46.3988,1254.8,2016
Kepler-1074 b,35.5936,625.9,2016
Kepler-1075 b,40.3606,959.7,2016
Kepler-1076 b,22.5638,819.4,2016
Kepler-1077 b,78.4966,620.7,2016
Kepler-1078 b,54.026,1298.6,2016
Kepler-1079 b,46.081,965.7,2016
Kepler-108 b,245.3416,815.3,2014
Kepler-108 c,231.994,519.3,2014
Kepler-1080 b,93.1154,510.9,2016
Kepler-1081 b,28.602,1099.8,2016
Kepler-1082 b,31.78,1876.8,2016
Kepler-1083 b,95.34,491,2016
Kepler-1084 b,31.4622,1840.2,2016
Kepler-1085 b,204.6632,359.8,2016
Kepler-1086 b,69.2804,486.2,2016
Kepler-1086 c,83.2636,237.3,2016
Kepler-1087 b,17.1612,2123.9,2016
Kepler-1088 b,40.3606,741.5,2016
Kepler-1089 b,51.8014,585.3,2016
Kepler-109 b,67.0558,1255.8,2014
Kepler-109 c,71.505,845.7,2014
Kepler-1090 b,63.8778,291.8,2016
Kepler-1091 b,41.314,1811.5,2016
Kepler-1092 b,58.793,521,2016
Kepler-1093 b,55.2972,779.2,2016
Kepler-1093 c,55.615,509.5,2016
Kepler-1094 b,90.2552,530.4,2016
Kepler-1095 b,34.3224,1164.7,2016
Kepler-1096 b,35.2758,886,2016
Kepler-1097 b,92.4798,288.1,2016
Kepler-1098 b,36.8648,1458,2016
Kepler-1099 b,80.0856,1551.6,2016
Kepler-11 b,50.848,953.5,2011
Kepler-11 c,81.3568,873.2,2011
Kepler-11 d,6.0382,717.5,2011
Kepler-11 e,118.5394,653,2011
Kepler-11 f,70.5516,566.8,2011
Kepler-11 g,94.3866,419.7,2011
Kepler-110 b,51.8014,943.9,2014
Kepler-110 c,62.6066,695.6,2014
Kepler-1100 b,49.5768,1298.9,2016
Kepler-1101 b,69.916,430.4,2016
Kepler-1102 b,75.3186,518.2,2016
Kepler-1103 b,64.5134,818,2016
Kepler-1104 b,34.958,1466.4,2016
Kepler-1105 b,56.8862,788.1,2016
Kepler-1106 b,46.7166,2074.4,2016
Kepler-1107 b,38.136,2032.1,2016
Kepler-1108 b,41.314,1055.8,2016
Kepler-1109 b,61.971,618.8,2016
Kepler-111 b,44.8098,1475.8,2014
Kepler-111 c,206.8878,362.9,2014
Kepler-1110 b,75.3186,681.4,2016
Kepler-1111 b,56.5684,1070.9,2016
Kepler-1112 b,85.4882,1088.5,2016
Kepler-1113 b,79.7678,622.7,2016
Kepler-1114 b,38.136,700.7,2016
Kepler-1115 b,48.3056,1240,2016
Kepler-1116 b,72.1406,545.3,2016
Kepler-1117 b,31.4622,1116,2016
Kepler-1118 b,77.5432,574.8,2016
Kepler-1119 b,54.3438,1099.5,2016
Kepler-112 b,67.0558,861.7,2014
Kepler-112 c,68.0092,573.1,2014
Kepler-1120 b,39.0894,1056.7,2016
Kepler-1121 b,54.026,1099.5,2016
Kepler-1122 b,57.8396,525,2016
Kepler-1123 b,47.3522,1115.9,2016
Kepler-1124 b,36.2292,617.5,2016
Kepler-1125 b,52.1192,735.3,2016
Kepler-1126 b,48.9412,409.6,2016
Kepler-1127 b,55.615,1109.3,2016
Kepler-1128 b,103.6028,466.2,2016
Kepler-1129 b,83.8992,693.4,2016
Kepler-1129 c,77.5432,473.3,2016
Kepler-113 b,51.4836,844,2014
Kepler-1130 b,22.5638,969,2016
Kepler-1131 b,45.1276,1343.7,2016
Kepler-1132 b,66.738,428.1,2016
Kepler-1133 b,55.9328,815.2,2016
Kepler-1134 b,75.0008,654.1,2016
Kepler-1135 b,52.437,447.3,2016
Kepler-1136 b,46.3988,1017.1,2016
Kepler-1137 b,62.2888,1032.3,2016
Kepler-1138 b,48.3056,1266.8,2016
Kepler-1139 b,33.6868,1975.2,2016
Kepler-114 b,35.5936,748.7,2014
Kepler-1140 b,78.4966,517.7,2016
Kepler-1141 b,23.1994,1551.5,2016
Kepler-1142 b,41.6318,732.1,2016
Kepler-1143 b,47.3522,1111.3,2016
Kepler-1143 c,102.0138,266,2016
Kepler-1144 b,56.5684,755.9,2016
Kepler-1145 b,39.725,992.7,2016
Kepler-1146 b,34.958,1069.6,2016
Kepler-1147 b,74.0474,980.2,2016
Kepler-1148 b,47.9878,1531.5,2016
Kepler-1149 b,40.6784,1298.3,2016
Kepler-115 b,30.8266,1688.6,2014
Kepler-115 c,73.7296,1087.8,2014
Kepler-1150 b,28.9198,1034,2016
Kepler-1151 b,62.9244,440.1,2016
Kepler-1152 b,24.7884,930.5,2016
Kepler-1153 b,48.9412,1489.1,2016
Kepler-1154 b,66.4202,1449.6,2016
Kepler-1154 c,67.0558,1231.4,2016
Kepler-1155 b,57.5218,630.9,2016
Kepler-1156 b,37.5004,872.3,2016
Kepler-1157 b,30.8266,864.3,2016
Kepler-1158 b,66.4202,1182.8,2016
Kepler-1159 b,67.0558,831.6,2016
Kepler-116 b,96.929,1407.1,2014
Kepler-116 c,65.149,1083.6,2014
Kepler-1160 b,60.6998,910.9,2016
Kepler-1161 b,60.382,548.1,2016
Kepler-1162 b,62.6066,543.6,2016
Kepler-1163 b,29.2376,1334.8,2016
Kepler-1164 b,31.78,1029.7,2016
Kepler-1165 b,43.8564,1053.9,2016
Kepler-1166 b,47.9878,550.9,2016
Kepler-1167 b,48.6234,1541.1,2016
Kepler-1168 b,70.8694,431,2016
Kepler-1169 b,26.6952,1248.8,2016
Kepler-117 b,221.5066,969.8,2014
Kepler-117 c,320.3424,696.3,2014
Kepler-1170 b,68.327,733.9,2016
Kepler-1171 b,72.4584,2780,2016
Kepler-1172 b,90.573,618.4,2016
Kepler-1173 b,25.1062,1833.9,2016
Kepler-1174 b,45.1276,1089.1,2016
Kepler-1175 b,84.8526,527.8,2016
Kepler-1176 b,69.5982,702.3,2016
Kepler-1177 b,54.026,410.7,2016
Kepler-1178 b,30.191,487.9,2016
Kepler-1179 b,37.5004,1197.4,2016
Kepler-118 b,55.615,970.4,2014
Kepler-118 c,217.693,698.4,2014
Kepler-1180 b,56.5684,859.6,2016
Kepler-1181 b,44.492,1392.6,2016
Kepler-1182 b,68.327,929.7,2016
Kepler-1183 b,80.0856,647.2,2016
Kepler-1184 b,75.9542,561.1,2016
Kepler-1185 b,37.8182,386.5,2016
Kepler-1186 b,63.2422,748.4,2016
Kepler-1187 b,74.0474,799.7,2016
Kepler-1188 b,59.1108,808.5,2016
Kepler-1189 b,50.2124,1406.8,2016
Kepler-119 b,102.0138,1315.2,2014
Kepler-119 c,26.0596,1101.3,2014
Kepler-1190 b,37.8182,662.1,2016
Kepler-1191 b,42.903,952.6,2016
Kepler-1192 b,67.0558,597.2,2016
Kepler-1193 b,37.5004,1562.8,2016
Kepler-1194 b,42.903,737.5,2016
Kepler-1195 b,59.1108,743,2016
Kepler-1196 b,63.2422,484.6,2016
Kepler-1197 b,35.5936,1132.9,2016
Kepler-1198 b,41.6318,925.2,2016
Kepler-1199 b,32.7334,898.5,2016
Kepler-12 b,137.2896,1480.4,2011
Kepler-120 b,61.0176,558.2,2014
Kepler-120 c,43.2208,441.1,2014
Kepler-1200 b,30.191,1347,2016
Kepler-1201 b,64.8312,935.2,2016
Kepler-1202 b,83.2636,666.5,2016
Kepler-1203 b,30.191,1420.8,2016
Kepler-1204 b,86.4416,459.8,2016
Kepler-1205 b,40.0428,1627.3,2016
Kepler-1206 b,46.3988,1415.1,2016
Kepler-1207 b,46.081,868.2,2016
Kepler-1208 b,65.7846,699.4,2016
Kepler-1209 b,42.903,826.6,2016
Kepler-121 b,66.4202,1042.4,2014
Kepler-121 c,64.5134,444.4,2014
Kepler-1210 b,48.3056,927.1,2016
Kepler-1211 b,72.1406,862.5,2016
Kepler-1212 b,60.6998,937.5,2016
Kepler-1213 b,33.6868,1283.1,2016
Kepler-1214 b,67.0558,610.8,2016
Kepler-1215 b,34.6402,1118.6,2016
Kepler-1216 b,39.4072,1200.4,2016
Kepler-1217 b,56.5684,1653.5,2016
Kepler-1218 b,40.6784,754.3,2016
Kepler-1219 b,60.0642,1088.6,2016
Kepler-122 b,66.4202,1282.2,2014
Kepler-122 c,166.5272,991.6,2014
Kepler-122 d,62.2888,825.8,2014
Kepler-122 e,73.7296,683.9,2014
Kepler-1220 b,43.2208,1026.8,2016
Kepler-1221 b,53.3904,724.6,2016
Kepler-1222 b,22.246,1338.4,2016
Kepler-1223 b,34.6402,595,2016
Kepler-1224 b,37.8182,961.4,2016
Kepler-1225 b,51.4836,1181.8,2016
Kepler-1226 b,40.9962,794.6,2016
Kepler-1227 b,64.8312,426.3,2016
Kepler-1228 b,43.5386,1878.8,2016
Kepler-1229 b,39.725,233.1,2016
Kepler-123 b,83.2636,913.4,2014
Kepler-123 c,41.9496,789.4,2014
Kepler-1230 b,76.9076,982.8,2016
Kepler-1231 b,40.3606,910.3,2016
Kepler-1232 b,54.6616,602.8,2016
Kepler-1233 b,73.7296,654.4,2016
Kepler-1234 b,79.7678,677.7,2016
Kepler-1235 b,22.246,1140.1,2016
Kepler-1236 b,60.6998,543.4,2016
Kepler-1237 b,81.039,411.8,2016
Kepler-1238 b,54.6616,1595.1,2016
Kepler-1239 b,82.3102,1547.8,2016
Kepler-124 b,20.657,910.1,2014
Kepler-124 c,49.5768,570.8,2014
Kepler-124 d,31.4622,436.3,2014
Kepler-1240 b,32.7334,1136.1,2016
Kepler-1241 b,74.683,630.7,2016
Kepler-1242 b,64.1956,634.6,2016
Kepler-1243 b,49.5768,743.9,2016
Kepler-1244 b,38.136,1858.5,2016
Kepler-1245 b,40.6784,1046.2,2016
Kepler-1245 c,40.6784,1193,2016
Kepler-1246 b,38.4538,619.5,2016
Kepler-1247 b,66.1024,709.1,2016
Kepler-1248 b,33.369,1155.3,2016
Kepler-1249 b,67.3736,810.7,2016
Kepler-125 b,67.0558,584,2014
Kepler-125 c,20.9748,523.7,2014
Kepler-1250 b,54.3438,1419.5,2016
Kepler-1251 b,52.1192,513.6,2016
Kepler-1252 b,47.3522,858.5,2016
Kepler-1253 b,37.8182,518.5,2016
Kepler-1254 b,43.8564,720,2016
Kepler-1254 c,36.8648,1011.8,2016
Kepler-1254 d,37.1826,866.8,2016
Kepler-1255 b,65.7846,654.5,2016
Kepler-1256 b,42.2674,1036.4,2016
Kepler-1257 b,43.2208,1297.8,2016
Kepler-1258 b,24.4706,2015.8,2016
Kepler-1259 b,40.6784,1818.8,2016
Kepler-126 b,43.2208,1144.4,2014
Kepler-126 c,44.8098,896,2014
Kepler-126 d,70.8694,539.3,2014
Kepler-1260 b,50.2124,790.7,2016
Kepler-1261 b,64.1956,429.3,2016
Kepler-1262 b,51.4836,959.7,2016
Kepler-1263 b,32.4156,998.2,2016
Kepler-1264 b,33.369,2000.3,2016
Kepler-1265 b,38.136,752.2,2016
Kepler-1266 b,73.094,515.1,2016
Kepler-1267 b,85.4882,955.5,2016
Kepler-1268 b,57.5218,610.2,2016
Kepler-1269 b,46.081,652.8,2016
Kepler-127 b,39.725,1007.5,2014
Kepler-127 c,75.3186,794.9,2014
Kepler-127 d,75.0008,672.1,2014
Kepler-1270 b,94.0688,1685.8,2016
Kepler-1271 b,41.9496,1590.7,2016
Kepler-1272 b,67.0558,568.9,2016
Kepler-1273 b,70.5516,604.4,2016
Kepler-1274 b,40.3606,1542.8,2016
Kepler-1275 b,41.9496,1586.8,2016
Kepler-1276 b,33.6868,987.1,2016
Kepler-1277 b,45.4454,541,2016
Kepler-1278 b,28.602,1497.5,2016
Kepler-1279 b,49.5768,836.5,2016
Kepler-1280 b,53.0726,590.2,2016
Kepler-1281 b,46.3988,1177.7,2016
Kepler-1282 b,43.8564,1409.9,2016
Kepler-1283 b,54.026,988.6,2016
Kepler-1284 b,34.3224,1851.8,2016
Kepler-1285 b,27.6486,950.6,2016
Kepler-1286 b,61.0176,875.9,2016
Kepler-1287 b,43.5386,852.4,2016
Kepler-1288 b,31.78,1659.7,2016
Kepler-1289 b,43.2208,1115.9,2016
Kepler-129 b,67.0558,1015.4,2014
Kepler-129 c,72.1406,585.9,2014
Kepler-1290 b,40.3606,1133.1,2016
Kepler-1291 b,47.0344,807,2016
Kepler-1292 b,51.4836,1254,2016
Kepler-1293 b,27.6486,1334.9,2016
Kepler-1294 b,90.573,403,2016
Kepler-1295 b,43.8564,1157.6,2016
Kepler-1296 b,25.7418,847.7,2016
Kepler-1297 b,27.6486,1680.4,2016
Kepler-1298 b,37.1826,1509,2016
Kepler-1299 b,84.5348,687.1,2016
Kepler-130 b,28.9198,1056.6,2014
Kepler-130 d,46.3988,484.9,2014
Kepler-1300 b,38.7716,963.3,2016
Kepler-1301 b,39.725,792.5,2016
Kepler-1302 b,40.6784,810.4,2016
Kepler-1303 b,40.3606,1011.7,2016
Kepler-1304 b,64.8312,663.3,2016
Kepler-1305 b,53.3904,811.3,2016
Kepler-1306 b,54.026,769.3,2016
Kepler-1307 b,69.916,796.1,2016
Kepler-1308 b,14.6188,647.8,2016
Kepler-1309 b,67.0558,540.6,2016
Kepler-131 b,15.89,785,2014
Kepler-131 c,16.8434,673.2,2014
Kepler-1310 b,40.6784,2073.1,2016
Kepler-1311 b,35.2758,1040,2016
Kepler-1311 c,34.6402,1705,2016
Kepler-1312 b,59.4286,1076.2,2016
Kepler-1313 b,49.8946,1122.6,2016
Kepler-1314 b,144.9168,687,2016
Kepler-1315 b,39.0894,1593.8,2016
Kepler-1316 b,100.4248,479.4,2016
Kepler-1317 b,44.1742,1961.7,2016
Kepler-1318 b,88.0306,233.9,2016
Kepler-1319 b,38.136,716.1,2016
Kepler-132 b,34.3224,1223.7,2014
Kepler-132 c,36.2292,1208.5,2014
Kepler-132 d,43.8564,856.6,2014
Kepler-1320 b,48.3056,1553.6,2016
Kepler-1321 b,139.5142,509.9,2016
Kepler-1321 c,68.0092,871.7,2016
Kepler-1322 b,45.7632,1818.2,2016
Kepler-1323 b,43.2208,2507.2,2016
Kepler-1324 b,42.903,914.7,2016
Kepler-1325 b,81.039,570.8,2016
Kepler-1326 b,118.5394,824.4,2016
Kepler-1327 b,51.1658,834,2016
Kepler-1328 b,27.6486,1198.6,2016
Kepler-1329 b,61.6532,646.2,2016
Kepler-133 b,49.8946,1173.6,2014
Kepler-133 c,80.4034,747.1,2014
Kepler-1330 b,46.7166,871.1,2016
Kepler-1331 b,29.8732,1475.1,2016
Kepler-1332 b,38.7716,806.7,2016
Kepler-1333 b,79.7678,392.7,2016
Kepler-1334 b,64.8312,745.6,2016
Kepler-1335 b,40.9962,823.7,2016
Kepler-1336 b,56.2506,767.3,2016
Kepler-1336 c,48.6234,1219.6,2016
Kepler-1337 b,68.327,466.9,2016
Kepler-1338 b,26.0596,2120.1,2016
Kepler-1339 b,20.0214,1700.8,2016
Kepler-134 b,56.5684,1281.1,2014
Kepler-134 c,35.5936,1034.3,2014
Kepler-1340 b,43.8564,2862.4,2016
Kepler-1341 b,84.8526,277.8,2016
Kepler-1342 b,47.0344,1403,2016
Kepler-1343 b,54.6616,1290,2016
Kepler-1344 b,52.1192,1283.3,2016
Kepler-1345 b,67.0558,744.9,2016
Kepler-1346 b,44.8098,1512.6,2016
Kepler-1347 b,29.2376,682.1,2016
Kepler-1348 b,54.9794,683.2,2016
Kepler-1349 b,19.7036,1799.8,2016
Kepler-135 b,51.1658,1304.1,2014
Kepler-135 c,32.7334,1051.5,2014
Kepler-1350 b,71.505,642.7,2016
Kepler-1350 c,48.9412,877.5,2016
Kepler-1351 b,18.4324,1368.3,2016
Kepler-1352 b,25.1062,1809,2016
Kepler-1353 b,51.1658,501.7,2016
Kepler-1354 b,84.217,543.7,2016
Kepler-1355 b,41.314,1577.1,2016
Kepler-1356 b,43.2208,1869.9,2016
Kepler-1357 b,36.2292,1283,2016
Kepler-1358 b,31.78,855,2016
Kepler-1359 b,80.0856,367.7,2016
Kepler-136 b,58.1574,1093.2,2014
Kepler-136 c,56.5684,973.5,2014
Kepler-1360 b,96.2934,858.9,2016
Kepler-1361 b,24.4706,1060.3,2016
Kepler-1362 b,73.7296,290.5,2016
Kepler-1363 b,35.5936,1033.8,2016
Kepler-1364 b,61.0176,1238.5,2016
Kepler-1365 b,26.0596,1031.9,2016
Kepler-1365 c,22.5638,1210.1,2016
Kepler-1366 b,40.6784,909.6,2016
Kepler-1367 b,26.0596,1020.4,2016
Kepler-1368 b,46.7166,2383.6,2016
Kepler-1369 b,76.272,669.1,2016
Kepler-137 b,41.6318,786.4,2014
Kepler-137 c,53.3904,602.8,2014
Kepler-1370 b,52.1192,865,2016
Kepler-1370 c,35.9114,1208,2016
Kepler-1371 b,20.657,1140.6,2016
Kepler-1371 c,18.1146,1366.1,2016
Kepler-1372 b,35.9114,1766.3,2016
Kepler-1373 b,32.7334,2224.2,2016
Kepler-1374 b,64.8312,771,2016
Kepler-1375 b,49.259,1941.6,2016
Kepler-1376 b,29.8732,1104.8,2016
Kepler-1377 b,35.5936,1845.5,2016
Kepler-1378 b,62.2888,577,2016
Kepler-1379 b,36.8648,1709.5,2016
Kepler-138 b,14.9366,450.7,2014
Kepler-1380 b,40.6784,860.9,2016
Kepler-1381 b,63.8778,657.9,2016
Kepler-1382 b,53.3904,1042.2,2016
Kepler-1383 b,40.0428,1054,2016
Kepler-1384 b,54.9794,611.4,2016
Kepler-1385 b,24.1528,1539.1,2016
Kepler-1386 b,35.2758,1058.1,2016
Kepler-1387 b,26.3774,1198.5,2016
Kepler-1388 b,73.4118,516.3,2016
Kepler-1388 c,64.1956,673.5,2016
Kepler-1388 d,81.039,432.1,2016
Kepler-1388 e,69.5982,355.5,2016
Kepler-1389 b,50.2124,336.8,2016
Kepler-139 b,83.2636,876.5,2014
Kepler-139 c,95.9756,407.4,2014
Kepler-1390 b,33.369,1056.3,2016
Kepler-1391 b,47.67,554.3,2016
Kepler-1392 b,55.615,718.9,2016
Kepler-1393 b,22.5638,1410.2,2016
Kepler-1394 b,39.4072,2080,2016
Kepler-1395 b,22.5638,1466.6,2016
Kepler-1396 b,58.793,889.5,2016
Kepler-1397 b,48.6234,598.4,2016
Kepler-1398 b,25.424,1596.6,2016
Kepler-1398 c,29.2376,1399.7,2016
Kepler-1399 b,35.5936,1651,2016
Kepler-14 b,2671.4268,1581.3,2011
Kepler-140 b,45.7632,1604,2014
Kepler-140 c,51.1658,527.8,2014
Kepler-1400 b,46.081,759.5,2016
Kepler-1401 b,47.67,952.7,2016
Kepler-1402 b,21.6104,1398.5,2016
Kepler-1403 b,60.6998,1270.9,2016
Kepler-1404 b,56.8862,663.5,2016
Kepler-1405 b,112.1834,688.1,2016
Kepler-1406 b,31.1444,940.9,2016
Kepler-1407 b,63.8778,804.5,2016
Kepler-1408 b,25.1062,1659.9,2016
Kepler-1409 b,29.5554,1782.9,2016
Kepler-141 b,19.7036,1028.7,2014
Kepler-141 c,40.0428,784.4,2014
Kepler-1410 b,50.5302,299.9,2016
Kepler-1411 b,80.0856,427.6,2016
Kepler-1412 b,23.5172,1473.7,2016
Kepler-1413 b,51.4836,698,2016
Kepler-1414 b,34.958,1008.6,2016
Kepler-1415 b,36.547,1972.1,2016
Kepler-1416 b,25.1062,1917.7,2016
Kepler-1417 b,28.2842,742,2016
Kepler-1418 b,47.0344,516.3,2016
Kepler-1419 b,81.039,574.2,2016
Kepler-142 b,56.5684,1777,2014
Kepler-142 c,81.039,1336.2,2014
Kepler-142 d,61.3354,647.7,2014
Kepler-1420 b,36.2292,871.2,2016
Kepler-1421 b,26.3774,1315.9,2016
Kepler-1422 b,57.204,872.9,2016
Kepler-1423 b,30.191,531.9,2016
Kepler-1424 b,32.7334,670.5,2016
Kepler-1425 b,26.6952,792.5,2016
Kepler-1426 b,44.1742,834.3,2016
Kepler-1427 b,31.1444,2024.3,2016
Kepler-1428 b,46.3988,1083.3,2016
Kepler-1429 b,36.547,1265.5,2016
Kepler-143 b,68.327,932.3,2014
Kepler-143 c,95.6578,782.4,2014
Kepler-1430 b,33.369,1085.1,2016
Kepler-1431 b,41.6318,1120.5,2016
Kepler-1432 b,62.9244,756,2016
Kepler-1433 b,44.1742,1397.2,2016
Kepler-1434 b,31.4622,1448.9,2016
Kepler-1435 b,24.4706,1481.9,2016
Kepler-1436 b,37.1826,997.6,2016
Kepler-1437 b,38.7716,828.7,2016
Kepler-1438 b,26.6952,1417.9,2016
Kepler-1439 b,41.314,458.8,2016
Kepler-144 b,37.8182,1288.7,2014
Kepler-144 c,38.136,1076.2,2014
Kepler-1440 b,35.5936,565.2,2016
Kepler-1441 b,37.1826,587.4,2016
Kepler-1442 b,111.5478,581.1,2016
Kepler-1443 b,27.6486,1767.8,2016
Kepler-1444 b,61.6532,633.9,2016
Kepler-1445 b,27.3308,1061.2,2016
Kepler-1446 b,23.1994,1702,2016
Kepler-1447 b,82.3102,502.9,2016
Kepler-1448 b,45.7632,839.2,2016
Kepler-1449 b,47.67,902.2,2016
Kepler-1450 b,48.6234,359,2016
Kepler-1451 b,95.0222,602.6,2016
Kepler-1452 b,76.5898,814,2016
Kepler-1453 b,75.6364,526.6,2016
Kepler-1454 b,53.3904,490.9,2016
Kepler-1455 b,61.3354,321.3,2016
Kepler-1456 b,32.4156,470.7,2016
Kepler-1457 b,56.5684,546.6,2016
Kepler-1458 b,78.1788,523.3,2016
Kepler-1459 b,38.4538,375.2,2016
Kepler-146 b,105.1918,716,2014
Kepler-146 c,88.6662,530.2,2014
Kepler-1460 b,55.615,426.2,2016
Kepler-1461 b,57.5218,491.7,2016
Kepler-1462 b,108.3698,491.8,2016
Kepler-1463 b,52.7548,655.5,2016
Kepler-1464 b,47.0344,635.2,2016
Kepler-1464 c,28.2842,1151.9,2016
Kepler-1465 b,50.2124,454.3,2016
Kepler-1466 b,43.8564,649.7,2016
Kepler-1467 b,93.4332,472.7,2016
Kepler-1468 b,48.9412,1023.7,2016
Kepler-1468 c,32.7334,1355.9,2016
Kepler-1469 b,79.45,649.3,2016
Kepler-147 b,43.2208,1078.5,2014
Kepler-147 c,68.9626,779.4,2014
Kepler-1470 b,30.191,610.2,2016
Kepler-1471 b,40.0428,1233.5,2016
Kepler-1472 b,54.026,687.9,2016
Kepler-1473 b,33.6868,880.9,2016
Kepler-1474 b,61.3354,618.3,2016
Kepler-1475 b,82.9458,542.1,2016
Kepler-1476 b,47.3522,880.2,2016
Kepler-1477 b,33.369,711.2,2016
Kepler-1478 b,48.9412,701.8,2016
Kepler-1479 b,51.8014,811.7,2016
Kepler-148 b,51.1658,1396.4,2014
Kepler-148 c,102.0138,1040.5,2014
Kepler-1480 b,47.3522,585.3,2016
Kepler-1481 b,34.958,839.4,2016
Kepler-1482 b,28.602,753.1,2016
Kepler-1483 b,43.2208,1175.2,2016
Kepler-1484 b,59.7464,612.8,2016
Kepler-1485 b,41.6318,804.9,2016
Kepler-1486 b,65.7846,566,2016
Kepler-1487 b,60.382,1404.9,2016
Kepler-1488 b,52.7548,666.9,2016
Kepler-1489 b,50.2124,430.2,2016
Kepler-149 b,119.4928,587.9,2014
Kepler-149 c,45.7632,475.1,2014
Kepler-149 d,112.1834,333.5,2014
Kepler-1490 b,86.1238,399,2016
Kepler-1491 b,42.903,770.2,2016
Kepler-1492 b,42.2674,562.5,2016
Kepler-1493 b,40.0428,921.1,2016
Kepler-1494 b,87.0772,423.1,2016
Kepler-1495 b,83.2636,463.3,2016
Kepler-1496 b,62.9244,581.9,2016
Kepler-1497 b,47.0344,931.7,2016
Kepler-1498 b,37.8182,459.8,2016
Kepler-1499 b,33.6868,453.5,2016
Kepler-15 b,210.3836,1190.5,2011
Kepler-150 b,35.5936,1231.5,2014
Kepler-150 c,104.5562,953.6,2014
Kepler-150 d,79.1322,798.8,2014
Kepler-150 e,88.3484,592.2,2014
Kepler-1500 b,34.0046,816.2,2016
Kepler-1501 b,44.1742,972.5,2016
Kepler-1502 b,90.2552,817.6,2016
Kepler-1503 b,64.5134,342.6,2016
Kepler-1504 b,60.382,395.1,2016
Kepler-1505 b,26.3774,586.4,2016
Kepler-1506 b,37.5004,788.8,2016
Kepler-1507 b,23.835,694.8,2016
Kepler-1508 b,37.8182,835.2,2016
Kepler-1509 b,52.437,674,2016
Kepler-151 b,86.7594,691.6,2014
Kepler-151 c,59.1108,588.9,2014
Kepler-1510 b,95.34,534.7,2016
Kepler-1511 b,47.67,810.3,2016
Kepler-1512 b,33.369,476,2016
Kepler-1513 b,239.939,351.1,2016
Kepler-1514 b,335.279,383.1,2016
Kepler-1515 b,270.7656,426.2,2016
Kepler-1516 b,49.5768,1079.9,2016
Kepler-1517 b,276.8038,1766,2016
Kepler-1518 b,86.4416,1747.6,2016
Kepler-1519 b,200.214,301.3,2016
Kepler-152 b,79.1322,567.1,2014
Kepler-152 c,67.6914,335.1,2014
Kepler-1520 b,163.667,1638.3,2016
Kepler-1521 b,70.8694,434.3,2016
Kepler-1522 b,48.9412,1556,2016
Kepler-1523 b,44.8098,1978.5,2016
Kepler-1524 b,100.4248,560.2,2016
Kepler-1525 b,25.7418,1488.6,2016
Kepler-1526 b,68.9626,881.2,2016
Kepler-1527 b,135.3828,439.6,2016
Kepler-1528 b,41.314,1678.6,2016
Kepler-1529 b,59.4286,904.7,2016
Kepler-153 b,82.9458,660.7,2014
Kepler-153 c,71.8228,487.8,2014
Kepler-1530 b,46.3988,1307.4,2016
Kepler-1530 c,46.7166,1028.4,2016
Kepler-1531 b,31.4622,2271.5,2016
Kepler-1532 b,38.136,1772,2016
Kepler-1533 b,98.2002,385.3,2016
Kepler-1534 b,53.7082,990,2016
Kepler-1535 b,72.1406,416.7,2016
Kepler-1536 b,88.984,185.3,2016
Kepler-1537 b,33.369,1407.4,2016
Kepler-1538 b,80.0856,363.1,2016
Kepler-1539 b,76.5898,321.5,2016
Kepler-154 b,64.1956,611.4,2014
Kepler-154 c,83.5814,494.9,2014
Kepler-154 d,109.0054,730,2016
Kepler-154 e,42.5852,1266.7,2016
Kepler-154 f,42.5852,930.6,2016
Kepler-1540 b,70.5516,273,2016
Kepler-1541 b,32.7334,826.3,2016
Kepler-1542 b,21.6104,1219.4,2016
Kepler-1542 c,18.4324,1353,2016
Kepler-1542 d,24.7884,1061.3,2016
Kepler-1542 e,21.6104,1119.9,2016
Kepler-1543 b,76.9076,1439.5,2016
Kepler-1544 b,50.5302,271.5,2016
Kepler-1545 b,76.5898,301.7,2016
Kepler-1546 b,88.6662,699.1,2016
Kepler-1547 b,25.424,2523.2,2016
Kepler-1548 b,75.0008,388.2,2016
Kepler-1549 b,72.7762,286.8,2016
Kepler-155 b,59.1108,675.8,2014
Kepler-155 c,63.56,326.4,2014
Kepler-1550 b,85.4882,353.3,2016
Kepler-1551 b,75.3186,786.9,2016
Kepler-1552 b,69.916,285.6,2016
Kepler-1553 b,32.7334,1041,2016
Kepler-1554 b,82.3102,290.2,2016
Kepler-1555 b,45.7632,1029.5,2016
Kepler-1556 b,55.615,916.2,2016
Kepler-1557 b,43.2208,1439.4,2016
Kepler-1558 b,19.3858,1061.1,2016
Kepler-1559 b,20.3392,1717.5,2016
Kepler-156 b,65.149,923.9,2014
Kepler-156 c,72.1406,627.1,2014
Kepler-1560 b,25.1062,1393.8,2016
Kepler-1561 b,30.8266,2135,2016
Kepler-1562 b,100.7426,506.1,2016
Kepler-1563 b,21.2926,1310.5,2016
Kepler-1564 b,41.6318,697.4,2016
Kepler-1565 b,33.6868,1319.1,2016
Kepler-1566 b,22.246,2060.4,2016
Kepler-1567 b,77.5432,353.7,2016
Kepler-1568 b,36.8648,801,2016
Kepler-1569 b,47.67,1382.5,2016
Kepler-157 b,37.5004,1693,2014
Kepler-157 c,63.56,853.1,2014
Kepler-1570 b,30.191,613.4,2016
Kepler-1571 b,43.2208,1646.2,2016
Kepler-1572 b,26.6952,1074.8,2016
Kepler-1573 b,34.0046,1450.4,2016
Kepler-1574 b,36.547,1095.5,2016
Kepler-1575 b,37.1826,1382.4,2016
Kepler-1576 b,29.5554,1081.9,2016
Kepler-1577 b,32.0978,813.2,2016
Kepler-1578 b,29.5554,1593.2,2016
Kepler-1579 b,23.835,1464,2016
Kepler-158 b,60.0642,492.3,2014
Kepler-158 c,54.026,411.8,2014
Kepler-1580 b,59.7464,768.5,2016
Kepler-1581 b,22.5638,1224,2016
Kepler-1582 b,42.2674,442.7,2016
Kepler-1583 b,17.1612,890.8,2016
Kepler-1584 b,45.7632,921.4,2016
Kepler-1585 b,50.848,1202.2,2016
Kepler-1586 b,43.2208,1145.7,2016
Kepler-1587 b,37.8182,1056.3,2016
Kepler-1588 b,21.6104,1010.6,2016
Kepler-1589 b,30.8266,2317.7,2016
Kepler-159 b,67.3736,599.6,2014
Kepler-159 c,96.6112,368.8,2014
Kepler-1590 b,32.4156,1122.2,2016
Kepler-1591 b,35.9114,1102.6,2016
Kepler-1592 b,43.5386,1623.8,2016
Kepler-1593 b,89.9374,280,2016
Kepler-1594 b,30.191,1511.6,2016
Kepler-1595 b,34.958,995.4,2016
Kepler-1596 b,54.026,469.9,2016
Kepler-1597 b,30.191,1741.4,2016
Kepler-1598 b,27.013,1295.4,2016
Kepler-1599 b,46.081,399,2016
Kepler-160 b,43.5386,1166.3,2014
Kepler-160 c,102.3316,793.2,2014
Kepler-1600 b,88.6662,229.1,2016
Kepler-1601 b,23.1994,1596,2016
Kepler-1602 b,38.136,1094.8,2016
Kepler-1603 b,36.547,1814.2,2016
Kepler-1604 b,40.0428,1757.7,2016
Kepler-1605 b,30.5088,383.2,2016
Kepler-1606 b,58.793,303.4,2016
Kepler-1607 b,26.0596,949.3,2016
Kepler-1608 b,48.9412,601.9,2016
Kepler-1609 b,62.9244,477.3,2016
Kepler-161 b,60.0642,923.7,2014
Kepler-161 c,58.1574,818.9,2014
Kepler-1610 b,45.7632,854.6,2016
Kepler-1611 b,22.8816,1088.1,2016
Kepler-1612 b,29.2376,1204.2,2016
Kepler-1613 b,59.1108,1881.3,2016
Kepler-1614 b,42.2674,1012.6,2016
Kepler-1615 b,58.4752,568.9,2016
Kepler-1616 b,28.9198,1280.6,2016
Kepler-1617 b,34.0046,760,2016
Kepler-1618 b,35.5936,1514,2016
Kepler-1619 b,21.6104,702.9,2016
Kepler-162 b,35.5936,1029.5,2014
Kepler-162 c,85.806,729.6,2014
Kepler-1620 b,45.7632,492.2,2016
Kepler-1621 b,61.3354,511,2016
Kepler-1622 b,41.6318,1174.5,2016
Kepler-1623 b,37.1826,1217.6,2016
Kepler-1624 b,161.7602,648.3,2016
Kepler-1625 b,171.9298,289.4,2016
Kepler-1626 b,57.204,1860.5,2016
Kepler-1627 b,104.5562,911.5,2016
Kepler-1628 b,182.4172,241,2016
Kepler-1629 b,21.9282,1271.5,2016
Kepler-163 b,29.8732,960.8,2014
Kepler-163 c,64.1956,687.2,2014
Kepler-1630 b,61.971,173.8,2016
Kepler-1631 b,38.136,1198.4,2016
Kepler-1632 b,69.916,295.8,2016
Kepler-1633 b,44.8098,420.7,2016
Kepler-1634 b,90.573,250.3,2016
Kepler-1635 b,103.285,222.9,2016
Kepler-1636 b,91.5264,267.8,2016
Kepler-1637 b,25.1062,1098.6,2016
Kepler-1638 b,53.0726,302.3,2016
Kepler-1639 b,73.094,1053,2016
Kepler-164 b,40.0428,1268.5,2014
Kepler-164 c,77.5432,979.2,2014
Kepler-164 d,69.5982,707.8,2014
Kepler-1640 b,136.654,1274.7,2016
Kepler-1641 b,88.0306,840.8,2016
Kepler-1641 c,83.5814,710.1,2016
Kepler-1642 b,90.573,750.5,2016
Kepler-1642 c,75.3186,918.8,2016
Kepler-1643 b,65.149,1032.9,2016
Kepler-1644 b,53.3904,648.6,2016
Kepler-1645 b,50.5302,797.2,2016
Kepler-1646 b,34.958,445.9,2016
Kepler-165 b,65.7846,782.1,2014
Kepler-165 c,63.2422,634.6,2014
Kepler-166 b,64.5134,815.5,2014
Kepler-166 c,67.3736,494.8,2014
Kepler-167 b,40.9962,915.8,2014
Kepler-167 c,38.7716,769.5,2014
Kepler-168 b,41.314,1387.5,2014
Kepler-168 c,76.272,964,2014
Kepler-169 b,32.0978,1015.5,2014
Kepler-169 c,34.3224,819.1,2014
Kepler-169 d,35.5936,741.6,2014
Kepler-169 e,62.2888,627.7,2014
Kepler-169 f,73.094,339.4,2014
Kepler-17 b,787.1906,1744.9,2011
Kepler-170 b,90.573,998.5,2014
Kepler-170 c,81.039,779.5,2014
Kepler-171 b,66.4202,1106.8,2014
Kepler-171 c,72.4584,789.9,2014
Kepler-171 d,53.7082,522.6,2014
Kepler-172 b,66.738,1384.7,2014
Kepler-172 c,81.039,1069.1,2014
Kepler-172 d,63.8778,811.2,2014
Kepler-172 e,78.1788,605.8,2014
Kepler-173 b,36.547,1248.7,2014
Kepler-173 c,68.9626,1012.2,2014
Kepler-174 b,55.615,550.6,2014
Kepler-174 c,42.2674,375.7,2014
Kepler-174 d,61.971,211.3,2014
Kepler-175 b,72.4584,919.9,2014
Kepler-175 c,88.0306,648.1,2014
Kepler-176 b,40.6784,968.2,2014
Kepler-176 c,73.7296,728.4,2014
Kepler-176 d,71.1872,576.4,2014
Kepler-178 b,82.3102,951.1,2014
Kepler-178 c,81.6746,737.3,2014
Kepler-178 d,111.8656,440.1,2014
Kepler-179 b,46.3988,1138.2,2014
Kepler-179 c,56.5684,857.4,2014
Kepler-18 b,56.5684,1291.7,2011
Kepler-18 c,155.722,996.3,2011
Kepler-18 d,197.9894,798.3,2011
Kepler-180 b,42.5852,848.6,2014
Kepler-180 c,85.4882,586.4,2014
Kepler-181 b,35.9114,1086.5,2014
Kepler-181 c,56.5684,978,2014
Kepler-182 b,73.094,1076.6,2014
Kepler-182 c,97.2468,840,2014
Kepler-183 b,58.4752,1112.7,2014
Kepler-183 c,64.5134,876.5,2014
Kepler-184 b,67.0558,846.1,2014
Kepler-184 c,55.9328,683.2,2014
Kepler-184 d,70.5516,606.5,2014
Kepler-185 b,33.0512,1368.4,2014
Kepler-185 c,57.204,586.6,2014
Kepler-186 b,30.191,658.4,2014
Kepler-186 c,35.2758,531.7,2014
Kepler-186 d,39.725,434.2,2014
Kepler-186 e,35.9114,365.3,2014
Kepler-186 f,31.4622,201.3,2014
Kepler-187 b,40.0428,1401.6,2014
Kepler-187 c,75.6364,1085.2,2014
Kepler-188 b,47.67,1741.5,2014
Kepler-188 c,90.573,1220.1,2014
Kepler-189 b,34.3224,715.8,2014
Kepler-189 c,67.3736,574.3,2014
Kepler-19 b,62.6066,846.9,2011
Kepler-190 b,44.1742,1241.2,2014
Kepler-190 c,41.314,1008.8,2014
Kepler-191 b,38.136,752.1,2014
Kepler-191 c,52.7548,620,2014
Kepler-191 d,64.5134,917.7,2016
Kepler-192 b,77.5432,881.7,2014
Kepler-192 c,79.1322,684.4,2014
Kepler-193 b,67.6914,1039.3,2014
Kepler-193 c,77.861,631.8,2014
Kepler-194 b,42.903,1661.1,2014
Kepler-194 c,73.4118,821.3,2014
Kepler-194 d,68.0092,566.3,2014
Kepler-195 b,57.5218,798.3,2014
Kepler-195 c,43.8564,498.6,2014
Kepler-196 b,54.026,568.8,2014
Kepler-196 c,63.56,431.8,2014
Kepler-197 b,28.9198,1233.2,2014
Kepler-197 c,34.958,1004.9,2014
Kepler-197 d,34.6402,875,2014
Kepler-197 e,25.7418,746.8,2014
Kepler-198 b,80.0856,713.5,2014
Kepler-198 c,69.916,507,2014
Kepler-198 d,43.2208,1722.1,2016
Kepler-199 b,88.0306,666.5,2014
Kepler-199 c,92.162,470.7,2014
Kepler-20 b,8.5806,1202.1,2011
Kepler-20 c,15.5722,839.4,2011
Kepler-20 d,7.6272,435.7,2011
Kepler-20 e,24.4706,1017.3,2011
Kepler-20 f,29.2376,689.6,2011
Kepler-200 b,60.382,928.2,2014
Kepler-200 c,45.1276,876.1,2014
Kepler-201 b,69.5982,785.5,2014
Kepler-201 c,80.7212,434.3,2014
Kepler-202 b,46.081,823,2014
Kepler-202 c,52.437,518.4,2014
Kepler-203 b,72.7762,1442.5,2014
Kepler-203 c,69.916,1209.1,2014
Kepler-203 d,40.6784,942.8,2014
Kepler-204 b,71.8228,916.1,2014
Kepler-204 c,50.848,755.6,2014
Kepler-205 b,42.903,784.9,2014
Kepler-205 c,46.3988,403.3,2014
Kepler-206 b,34.0046,1091.2,2014
Kepler-206 c,50.2124,916.5,2014
Kepler-206 d,33.6868,755.6,2014
Kepler-207 b,44.492,2192.8,2014
Kepler-207 c,42.5852,1768.7,2014
Kepler-207 d,93.751,1425.4,2014
Kepler-208 b,46.081,1488.3,2014
Kepler-208 c,39.4072,1231.4,2014
Kepler-208 d,34.0046,1077.9,2014
Kepler-208 e,41.9496,950,2014
Kepler-209 b,64.1956,727.8,2014
Kepler-209 c,88.0306,529.6,2014
Kepler-21 b,46.3988,1950.5,2011
Kepler-210 b,83.2636,939.2,2014
Kepler-210 c,102.6494,634.1,2014
Kepler-211 b,35.5936,993.4,2014
Kepler-211 c,36.547,875.8,2014
Kepler-212 b,30.8266,960.3,2014
Kepler-212 c,77.5432,767.8,2014
Kepler-213 b,46.081,1589.2,2014
Kepler-213 c,66.4202,1270.1,2014
Kepler-214 b,74.0474,988.1,2014
Kepler-214 c,60.382,806.7,2014
Kepler-215 b,46.081,951.1,2014
Kepler-215 c,50.2124,818.9,2014
Kepler-215 d,67.6914,639,2014
Kepler-215 e,49.5768,490.7,2014
Kepler-216 b,66.738,1193.6,2014
Kepler-216 c,86.1238,909.2,2014
Kepler-217 b,63.2422,1628.5,2014
Kepler-217 c,52.437,1393.1,2014
Kepler-218 b,41.9496,1273.3,2014
Kepler-218 c,88.984,550.9,2014
Kepler-219 b,83.5814,1465.6,2014
Kepler-219 c,101.3782,859.8,2014
Kepler-219 d,79.7678,670.4,2014
Kepler-22 b,67.6914,285.8,2011
Kepler-220 b,22.8816,810.1,2014
Kepler-220 c,44.492,625.5,2014
Kepler-220 d,27.6486,428.4,2014
Kepler-220 e,37.8182,363.9,2014
Kepler-221 b,48.6234,1162.2,2014
Kepler-221 c,82.9458,917.1,2014
Kepler-221 d,77.5432,758.9,2014
Kepler-221 e,74.683,620.5,2014
Kepler-222 b,89.6196,1105.4,2014
Kepler-222 c,131.5692,807.8,2014
Kepler-222 d,104.5562,574.3,2014
Kepler-223 b,47.9878,1040.4,2014
Kepler-223 c,56.5684,945.2,2014
Kepler-223 d,84.5348,825.4,2014
Kepler-223 e,68.0092,749.8,2014
Kepler-224 b,39.4072,971.8,2014
Kepler-224 c,88.3484,785.8,2014
Kepler-224 d,65.149,632.7,2014
Kepler-224 e,55.9328,536.2,2014
Kepler-225 b,34.0046,465.5,2014
Kepler-225 c,52.1192,330.7,2014
Kepler-226 b,43.8564,1088.6,2014
Kepler-226 c,64.5134,983.1,2014
Kepler-226 d,34.6402,855.9,2014
Kepler-227 b,88.0306,995.4,2014
Kepler-227 c,86.1238,556.1,2014
Kepler-228 b,43.2208,1531.8,2014
Kepler-228 c,76.5898,1306.7,2014
Kepler-228 d,114.408,940.3,2014
Kepler-229 b,62.2888,817.2,2014
Kepler-229 c,139.5142,596.6,2014
Kepler-229 d,109.0054,435.9,2014
Kepler-23 b,53.7082,1251,2014
Kepler-23 c,90.573,1090.1,2014
Kepler-23 d,62.2888,1007.2,2014
Kepler-230 b,120.764,544.8,2014
Kepler-230 c,57.8396,385.9,2014
Kepler-231 b,48.9412,420.9,2014
Kepler-231 c,54.6616,339,2014
Kepler-232 b,87.395,1207.1,2014
Kepler-232 c,108.6876,881.5,2014
Kepler-233 b,68.9626,788.9,2014
Kepler-233 c,76.9076,409.9,2014
Kepler-234 b,104.874,1622.9,2014
Kepler-234 c,99.4714,1171.3,2014
Kepler-235 b,63.2422,730.2,2014
Kepler-235 c,36.2292,549.8,2014
Kepler-235 d,58.1574,401.7,2014
Kepler-235 e,62.9244,304.2,2014
Kepler-236 b,44.492,455.9,2014
Kepler-236 c,56.5684,320.1,2014
Kepler-237 b,40.0428,850.7,2014
Kepler-237 c,59.1108,710.2,2014
Kepler-238 b,48.9412,1853.5,2014
Kepler-238 c,67.6914,1293.3,2014
Kepler-238 d,87.0772,1002,2014
Kepler-239 b,66.1024,650.5,2014
Kepler-239 c,71.1872,386.1,2014
Kepler-24 c,79.45,890.6,2014
Kepler-24 d,47.3522,1425.1,2014
Kepler-24 e,78.8144,864.7,2014
Kepler-240 b,38.7716,919.5,2014
Kepler-240 c,62.2888,739.9,2014
Kepler-241 b,66.1024,567,2014
Kepler-241 c,72.7762,400.6,2014
Kepler-242 b,74.0474,790.9,2014
Kepler-242 c,56.5684,654.2,2014
Kepler-243 b,69.5982,924.7,2014
Kepler-243 c,56.5684,608.8,2014
Kepler-244 b,78.1788,1053.8,2014
Kepler-244 c,58.1574,802.4,2014
Kepler-244 d,65.4668,631.4,2014
Kepler-245 b,72.7762,801,2014
Kepler-245 c,61.6532,604.1,2014
Kepler-245 d,85.806,473.4,2014
Kepler-245 e,49.5768,1105,2016
Kepler-246 b,66.4202,983.3,2014
Kepler-246 c,42.5852,731.3,2014
Kepler-247 b,46.3988,1030.9,2014
Kepler-247 c,115.997,728.8,2014
Kepler-247 d,111.8656,563,2014
Kepler-248 b,85.4882,882.5,2014
Kepler-248 c,115.3614,643.9,2014
Kepler-249 b,30.8266,573,2014
Kepler-249 c,42.903,443.9,2014
Kepler-249 d,44.492,343.4,2014
Kepler-25 b,76.9076,1305.1,2012
Kepler-25 c,147.4592,1029.2,2012
Kepler-250 b,32.0978,993,2014
Kepler-250 c,64.5134,828,2014
Kepler-250 d,61.6532,612.8,2014
Kepler-251 b,37.8182,1065.8,2014
Kepler-251 c,78.4966,705.5,2014
Kepler-251 d,78.4966,577.4,2014
Kepler-251 e,78.4966,387.6,2014
Kepler-252 b,34.958,570.9,2014
Kepler-252 c,61.0176,485.4,2014
Kepler-253 b,46.081,1021.2,2014
Kepler-253 c,75.0008,731.8,2014
Kepler-253 d,89.9374,605.9,2014
Kepler-254 b,109.641,1088.4,2014
Kepler-254 c,61.0176,845.9,2014
Kepler-254 d,70.8694,737.2,2014
Kepler-255 b,43.8564,1037.7,2014
Kepler-255 c,84.8526,862.7,2014
Kepler-255 d,37.5004,1834.2,2016
Kepler-256 b,45.1276,1857.8,2014
Kepler-256 c,61.0176,1452.9,2014
Kepler-256 d,70.2338,1211.8,2014
Kepler-256 e,66.738,990.8,2014
Kepler-257 b,74.0474,1361.1,2014
Kepler-257 c,153.4974,970.1,2014
Kepler-257 d,140.4676,624.5,2014
Kepler-258 b,115.0436,689.4,2014
Kepler-258 c,102.3316,504.6,2014
Kepler-259 b,79.45,965,2014
Kepler-259 c,76.5898,582.4,2014
Kepler-26 b,102.0138,484.8,2014
Kepler-26 c,102.0138,432.9,2014
Kepler-26 d,30.191,766.3,2014
Kepler-26 e,68.327,324.1,2014
Kepler-260 b,56.8862,833.5,2014
Kepler-260 c,49.259,396.5,2014
Kepler-261 b,61.6532,717.7,2014
Kepler-261 c,56.5684,538.5,2014
Kepler-262 b,38.4538,802.3,2014
Kepler-262 c,46.3988,675.8,2014
Kepler-263 b,75.6364,630.6,2014
Kepler-263 c,69.916,444.4,2014
Kepler-264 b,94.3866,767.5,2014
Kepler-264 c,80.0856,508.7,2014
Kepler-265 b,52.7548,1112.3,2014
Kepler-265 c,74.683,820.9,2014
Kepler-265 d,70.5516,602.2,2014
Kepler-265 e,73.4118,517.9,2014
Kepler-266 b,70.2338,1095.3,2014
Kepler-266 c,110.2766,432.2,2014
Kepler-267 b,56.2506,730.4,2014
Kepler-267 c,60.382,574.9,2014
Kepler-267 d,64.5134,358.1,2014
Kepler-268 b,72.1406,799.2,2014
Kepler-268 c,95.9756,541.3,2014
Kepler-269 b,69.916,1129.9,2014
Kepler-269 c,47.9878,981.5,2014
Kepler-27 b,113.4546,618.2,2012
Kepler-27 c,138.8786,487.2,2012
Kepler-270 b,56.8862,1120.5,2014
Kepler-270 c,50.2124,861.3,2014
Kepler-271 b,25.1062,1029.7,2014
Kepler-271 c,28.2842,916,2014
Kepler-272 b,40.6784,1223.9,2014
Kepler-272 c,50.848,965.3,2014
Kepler-272 d,63.8778,792.7,2014
Kepler-273 b,42.5852,1222.4,2014
Kepler-273 c,56.2506,874.7,2014
Kepler-274 b,43.5386,919.3,2014
Kepler-274 c,52.1192,648.1,2014
Kepler-275 b,66.4202,1148.4,2014
Kepler-275 c,95.9756,989.8,2014
Kepler-275 d,94.3866,759,2014
Kepler-276 b,81.3568,890.1,2014
Kepler-278 b,115.3614,946.7,2014
Kepler-278 c,101.696,794.2,2014
Kepler-279 b,102.6494,1255,2014
Kepler-28 b,102.0138,767.9,2012
Kepler-28 c,96.2934,667.9,2012
Kepler-280 b,40.9962,1446.1,2014
Kepler-280 c,56.8862,1104.1,2014
Kepler-281 b,80.0856,764.4,2014
Kepler-281 c,150.6372,564.6,2014
Kepler-282 b,28.602,875.4,2014
Kepler-282 c,34.0046,768.3,2014
Kepler-283 b,60.382,507.1,2014
Kepler-283 c,51.4836,249.2,2014
Kepler-284 b,63.56,748.4,2014
Kepler-284 c,74.0474,521.6,2014
Kepler-285 b,38.136,1213.8,2014
Kepler-285 c,31.78,913.1,2014
Kepler-286 b,35.2758,1469.7,2014
Kepler-286 c,38.7716,1180.3,2014
Kepler-286 d,37.8182,987.9,2014
Kepler-286 e,50.2124,580,2014
Kepler-287 b,66.1024,744.7,2014
Kepler-287 c,92.4798,572.1,2014
Kepler-288 b,47.3522,1166.1,2014
Kepler-288 c,80.7212,794.1,2014
Kepler-288 d,75.6364,554.7,2014
Kepler-289 b,68.9626,676.4,2014
Kepler-289 c,369.6014,439.6,2014
Kepler-29 b,102.0138,891.3,2012
Kepler-29 c,81.9924,819.7,2012
Kepler-290 b,63.8778,625.8,2014
Kepler-290 c,76.5898,459.8,2014
Kepler-291 b,61.3354,1367.2,2014
Kepler-291 c,53.3904,1167.2,2014
Kepler-292 b,37.5004,1210,2014
Kepler-292 c,41.6318,1071.6,2014
Kepler-292 d,63.2422,865.4,2014
Kepler-292 e,75.6364,725.4,2014
Kepler-292 f,66.738,603.2,2014
Kepler-293 b,87.0772,730.1,2014
Kepler-293 c,108.6876,517.2,2014
Kepler-294 b,50.2124,1301.5,2014
Kepler-294 c,76.9076,1071.9,2014
Kepler-295 b,34.6402,785.4,2014
Kepler-295 c,33.0512,657.8,2014
Kepler-295 d,38.4538,565.5,2014
Kepler-296 b,26.6952,711.7,2014
Kepler-296 c,61.0176,606.8,2014
Kepler-296 d,64.5134,403.6,2014
Kepler-296 e,49.5768,336.9,2014
Kepler-296 f,50.848,274.2,2014
Kepler-297 b,81.3568,546.8,2014
Kepler-297 c,185.2774,439.4,2014
Kepler-298 b,55.615,536.5,2014
Kepler-298 c,54.6616,413.2,2014
Kepler-298 d,70.8694,275.4,2014
Kepler-299 b,37.5004,1374.8,2014
Kepler-299 c,75.0008,1033.7,2014
Kepler-299 d,52.7548,796.4,2014
Kepler-299 e,53.0726,583.5,2014
Kepler-300 b,47.3522,895.3,2014
Kepler-300 c,63.8778,568.9,2014
Kepler-301 b,38.136,1399.3,2014
Kepler-301 c,38.136,1082.4,2014
Kepler-301 d,49.5768,793.6,2014
Kepler-302 b,115.0436,701.8,2014
Kepler-302 c,353.0758,434.4,2014
Kepler-303 b,25.1062,759.4,2014
Kepler-303 c,32.4156,493.4,2014
Kepler-304 b,81.039,908.1,2014
Kepler-304 c,61.6532,774.4,2014
Kepler-304 d,77.861,634.7,2014
Kepler-304 e,34.0046,1228.2,2016
Kepler-305 d,76.9076,612.3,2014
Kepler-306 b,43.2208,867.6,2014
Kepler-306 c,66.738,748.3,2014
Kepler-306 d,69.916,559.5,2014
Kepler-306 e,64.5134,407.5,2014
Kepler-308 b,60.0642,924.3,2014
Kepler-308 c,61.3354,792.5,2014
Kepler-309 b,44.1742,762.3,2014
Kepler-309 c,71.1872,292,2014
Kepler-31 b,121.7174,849.3,2014
Kepler-31 c,118.8572,669.3,2014
Kepler-31 d,129.3446,535,2014
Kepler-310 b,33.6868,777.1,2014
Kepler-310 c,95.9756,487.4,2014
Kepler-310 d,69.916,412.9,2014
Kepler-311 b,48.3056,1059.5,2014
Kepler-311 c,40.6784,820.8,2014
Kepler-312 b,36.547,2109.2,2014
Kepler-312 c,89.3018,944.4,2014
Kepler-313 b,71.8228,992.5,2014
Kepler-313 c,72.7762,768.3,2014
Kepler-314 b,23.5172,1338.1,2014
Kepler-314 c,82.3102,996.4,2014
Kepler-315 b,106.7808,444.1,2014
Kepler-315 c,117.586,316.5,2014
Kepler-316 b,30.191,798.5,2014
Kepler-316 c,32.7334,550.7,2014
Kepler-317 b,59.1108,1039.6,2014
Kepler-317 c,48.6234,891,2014
Kepler-318 b,133.476,1292.5,2014
Kepler-318 c,104.2384,948.1,2014
Kepler-319 b,46.081,1107.6,2014
Kepler-319 c,74.683,948.7,2014
Kepler-319 d,64.8312,571.3,2014
Kepler-32 b,62.2888,583.6,2012
Kepler-32 c,56.5684,511.7,2012
Kepler-32 d,76.5898,372,2013
Kepler-32 e,42.5852,739.9,2013
Kepler-32 f,23.1994,1164.4,2013
Kepler-320 b,32.4156,1149.7,2014
Kepler-320 c,38.7716,891.8,2014
Kepler-321 b,50.2124,1271.3,2014
Kepler-321 c,65.7846,917.1,2014
Kepler-322 b,28.602,1481.3,2014
Kepler-322 c,47.3522,1074.2,2014
Kepler-323 b,40.6784,1884.5,2014
Kepler-323 c,46.081,1467.5,2014
Kepler-324 b,32.4156,1002.3,2014
Kepler-324 c,89.3018,440.1,2014
Kepler-325 b,82.628,1198.6,2014
Kepler-325 c,72.1406,849.6,2014
Kepler-325 d,79.1322,586.9,2014
Kepler-326 b,43.2208,1202,2014
Kepler-326 c,39.725,948.2,2014
Kepler-326 d,34.3224,832.5,2014
Kepler-327 b,31.4622,672.2,2014
Kepler-327 c,29.2376,529.7,2014
Kepler-327 d,48.9412,381.3,2014
Kepler-329 b,39.725,544.1,2014
Kepler-329 c,54.6616,399.8,2014
Kepler-33 b,49.259,1475.4,2012
Kepler-33 c,90.573,1113.8,2012
Kepler-33 d,151.5906,942,2012
Kepler-33 e,114.0902,830.5,2012
Kepler-33 f,126.4844,762.7,2012
Kepler-330 b,38.136,741.3,2014
Kepler-330 c,55.2972,595.2,2014
Kepler-331 b,51.4836,515.8,2014
Kepler-331 c,52.1192,406.5,2014
Kepler-331 d,46.3988,330.5,2014
Kepler-332 b,33.0512,736.2,2014
Kepler-332 c,30.8266,575.1,2014
Kepler-332 d,33.369,446.4,2014
Kepler-333 b,37.5004,461.5,2014
Kepler-333 c,31.4622,371.4,2014
Kepler-334 b,31.78,1178.1,2014
Kepler-334 c,40.6784,888.3,2014
Kepler-334 d,40.0428,709,2014
Kepler-335 b,95.9756,1473.1,2014
Kepler-335 c,87.0772,676.2,2014
Kepler-336 b,28.9198,1825.1,2014
Kepler-336 c,59.4286,1086.4,2014
Kepler-336 d,67.0558,841.2,2014
Kepler-337 b,43.5386,1747.4,2014
Kepler-337 c,58.1574,1219.2,2014
Kepler-338 b,69.2804,1123,2014
Kepler-338 c,66.4202,928.2,2014
Kepler-338 d,85.1704,759.2,2014
Kepler-339 b,40.3606,1017.9,2014
Kepler-339 c,32.7334,909.1,2014
Kepler-339 d,33.0512,792.2,2014
Kepler-340 b,71.8228,1262.7,2014
Kepler-340 c,95.6578,1094,2014
Kepler-341 b,33.369,1210.6,2014
Kepler-341 c,48.3056,1047.9,2014
Kepler-341 d,52.437,693.2,2014
Kepler-341 e,56.5684,600.9,2014
Kepler-342 b,63.8778,1043,2014
Kepler-342 c,55.615,869,2014
Kepler-342 d,70.5516,758.4,2014
Kepler-342 e,25.1062,2142,2016
Kepler-343 b,68.327,1153.1,2014
Kepler-343 c,57.204,839.7,2014
Kepler-344 b,74.0474,702,2014
Kepler-344 c,83.5814,392.6,2014
Kepler-345 b,20.9748,628.3,2014
Kepler-345 c,34.0046,580.8,2014
Kepler-346 b,75.3186,1125.1,2014
Kepler-346 c,87.0772,729.9,2014
Kepler-347 b,55.9328,899.2,2014
Kepler-347 c,49.5768,698.4,2014
Kepler-348 b,43.2208,1293.9,2014
Kepler-348 c,37.8182,960.2,2014
Kepler-349 b,54.026,1091.9,2014
Kepler-349 c,55.615,857.4,2014
Kepler-350 b,52.437,1180.6,2014
Kepler-351 b,86.7594,539.1,2014
Kepler-351 c,90.573,466.3,2014
Kepler-351 d,77.2254,350,2016
Kepler-352 b,24.4706,735.5,2014
Kepler-352 c,35.2758,625.7,2014
Kepler-353 b,25.1062,531.6,2014
Kepler-353 c,39.0894,469.6,2014
Kepler-354 b,52.1192,746.1,2014
Kepler-354 c,37.1826,512.1,2014
Kepler-354 d,35.2758,454.6,2014
Kepler-355 b,41.314,988.5,2014
Kepler-355 c,76.9076,745.1,2014
Kepler-356 b,44.492,1467.1,2014
Kepler-356 c,51.1658,1035.4,2014
Kepler-357 b,52.1192,850.4,2014
Kepler-357 c,75.6364,618.2,2014
Kepler-357 d,97.2468,431.7,2014
Kepler-358 b,77.2254,613.5,2014
Kepler-358 c,80.7212,455,2014
Kepler-359 b,100.107,761.8,2014
Kepler-359 c,122.0352,580.8,2014
Kepler-359 d,113.7724,527.2,2014
Kepler-36 b,41.9496,1069.7,2012
Kepler-36 c,104.2384,1014.2,2012
Kepler-360 b,46.7166,1442.8,2014
Kepler-360 c,59.4286,1111.9,2014
Kepler-361 b,40.9962,1207.9,2014
Kepler-361 c,71.505,647.2,2014
Kepler-362 b,25.1062,778.3,2014
Kepler-362 c,40.9962,504.8,2014
Kepler-363 b,32.7334,1530.6,2014
Kepler-363 c,47.9878,1197.8,2014
Kepler-363 d,58.1574,1027.9,2014
Kepler-364 b,43.8564,807.8,2014
Kepler-364 c,61.0176,609.4,2014
Kepler-365 b,57.8396,963.6,2014
Kepler-365 c,46.3988,812.6,2014
Kepler-366 b,41.314,1474.1,2014
Kepler-366 c,50.848,943.5,2014
Kepler-367 b,36.8648,403.2,2014
Kepler-367 c,34.0046,359,2014
Kepler-368 b,92.4798,899.8,2014
Kepler-368 c,109.9588,646.5,2014
Kepler-369 b,32.0978,607.5,2014
Kepler-369 c,40.0428,345.4,2014
Kepler-37 b,3.178,716,2013
Kepler-37 c,3.4958,645.6,2013
Kepler-37 d,1.9068,525.4,2013
Kepler-370 b,45.1276,1152.2,2014
Kepler-370 c,54.026,716.7,2014
Kepler-371 b,53.7082,595.9,2014
Kepler-371 c,50.5302,476.6,2014
Kepler-372 b,38.4538,1259.5,2014
Kepler-372 c,59.1108,880.4,2014
Kepler-372 d,47.9878,769,2014
Kepler-373 b,38.4538,1036.4,2014
Kepler-373 c,35.2758,716.9,2014
Kepler-374 b,29.2376,1588,2014
Kepler-374 c,31.1444,1322.9,2014
Kepler-374 d,37.1826,1147.6,2014
Kepler-375 b,40.9962,799.6,2014
Kepler-375 c,75.0008,676.9,2014
Kepler-376 b,30.191,1295.9,2014
Kepler-376 c,50.848,910.8,2014
Kepler-377 b,39.4072,977.1,2014
Kepler-377 c,58.4752,756,2014
Kepler-378 b,21.2926,521.2,2014
Kepler-378 c,19.7036,428.8,2014
Kepler-379 b,47.0344,877,2014
Kepler-379 c,64.8312,599.9,2014
Kepler-380 b,33.6868,1460.5,2014
Kepler-380 c,35.9114,1170.8,2014
Kepler-381 b,27.9664,1492.5,2014
Kepler-381 c,31.78,1118,2014
Kepler-382 b,37.5004,1078.7,2014
Kepler-382 c,45.1276,815.8,2014
Kepler-383 b,37.5004,567.3,2014
Kepler-383 c,35.2758,422.7,2014
Kepler-384 b,31.78,638.5,2014
Kepler-384 c,32.0978,506.2,2014
Kepler-385 b,77.5432,1072.3,2014
Kepler-385 c,86.1238,934.7,2014
Kepler-386 b,39.4072,676.9,2014
Kepler-386 c,44.8098,533.1,2014
Kepler-387 b,29.2376,1074.7,2014
Kepler-387 c,25.1062,893,2014
Kepler-388 b,22.8816,807.5,2014
Kepler-388 c,24.4706,500.9,2014
Kepler-389 b,42.903,1113.8,2014
Kepler-389 c,41.314,676,2014
Kepler-390 b,23.1994,830.4,2014
Kepler-390 c,22.246,666,2014
Kepler-391 b,90.573,1649.3,2014
Kepler-391 c,100.4248,1175.5,2014
Kepler-392 b,28.2842,1243.9,2014
Kepler-392 c,31.1444,995.5,2014
Kepler-393 b,36.547,1197.4,2014
Kepler-393 c,37.8182,1025.6,2014
Kepler-394 b,45.4454,1173.5,2014
Kepler-394 c,47.0344,1021.7,2014
Kepler-395 b,29.2376,571.1,2014
Kepler-395 c,37.5004,334.9,2014
Kepler-397 b,69.5982,569.5,2014
Kepler-397 c,175.1078,311.9,2014
Kepler-398 b,26.3774,758.6,2014
Kepler-398 c,28.602,538.4,2014
Kepler-399 b,27.3308,642.3,2014
Kepler-399 c,40.6784,523.3,2014
Kepler-399 d,53.7082,403.9,2014
Kepler-4 b,24.4706,1613,2010
Kepler-400 b,46.7166,1042.6,2014
Kepler-400 c,42.2674,838.6,2014
Kepler-401 b,48.6234,1000.9,2014
Kepler-401 c,61.0176,672.9,2014
Kepler-402 b,34.6402,1483,2014
Kepler-402 c,44.1742,1289.7,2014
Kepler-402 d,39.0894,1137.8,2014
Kepler-402 e,41.314,1053.3,2014
Kepler-403 b,35.5936,1263,2014
Kepler-403 c,49.5768,639,2014
Kepler-404 b,35.9114,804.1,2014
Kepler-404 c,48.6234,747,2014
Kepler-405 b,59.1108,862.2,2014
Kepler-405 c,132.2048,611.7,2014
Kepler-406 b,6.356,1452.8,2014
Kepler-406 c,2.8602,1171.8,2014
Kepler-407 b,30.191,682.3,2014
Kepler-41 b,156.6754,1576.2,2011
Kepler-411 c,92.7976,791.4,2016
Kepler-412 b,295.2362,1831.6,2014
Kepler-42 b,22.246,574.2,2012
Kepler-42 c,20.657,797.4,2012
Kepler-42 d,16.2078,497.6,2012
Kepler-421 b,120.4462,189.8,2014
Kepler-424 b,328.6052,1223,2014
Kepler-424 c,2236.3586,363.4,2014
Kepler-430 b,94.0688,729.7,2015
Kepler-430 c,49.5768,501.2,2015
Kepler-431 b,22.246,1128.2,2015
Kepler-431 c,19.3858,1039.3,2015
Kepler-431 d,32.0978,935.8,2015
Kepler-433 b,905.4122,1879.9,2012
Kepler-434 b,907.0012,1073,2015
Kepler-435 b,271.4012,1814.8,2012
Kepler-436 b,77.5432,352.7,2015
Kepler-436 c,66.1024,551.9,2016
Kepler-437 b,60.6998,338,2015
Kepler-438 b,31.78,314.5,2015
Kepler-439 b,63.56,316,2015
Kepler-44 b,322.567,1604.5,2011
Kepler-440 b,52.7548,250.7,2015
Kepler-441 b,46.3988,205.7,2015
Kepler-442 b,38.136,264.1,2015
Kepler-443 b,66.1024,255.9,2015
Kepler-444 b,11.7586,1124.3,2015
Kepler-444 c,14.301,1147.8,2015
Kepler-444 d,15.2544,949.9,2015
Kepler-444 e,15.89,841.5,2015
Kepler-444 f,21.6104,877.7,2015
Kepler-445 b,45.7632,460.9,2015
Kepler-445 c,72.7762,391.4,2015
Kepler-445 d,36.2292,329.7,2015
Kepler-446 b,43.5386,628.6,2015
Kepler-446 c,32.0978,504.1,2015
Kepler-446 d,39.0894,422.7,2015
Kepler-447 b,434.1148,1044.5,2015
Kepler-45 b,162.3958,837.6,2011
Kepler-454 b,6.9916,920.1,2015
Kepler-454 c,1421.5194,253,2015
Kepler-46 b,256.7824,545.2,2012
Kepler-461 b,73.094,917.4,2016
Kepler-462 b,106.7808,733.5,2016
Kepler-463 b,86.4416,911.4,2016
Kepler-464 b,93.4332,1290.1,2016
Kepler-465 b,83.5814,1109.8,2016
Kepler-466 b,80.7212,560.5,2016
Kepler-466 c,35.5936,1343.4,2016
Kepler-467 b,63.8778,795,2016
Kepler-468 b,378.182,527.1,2016
Kepler-470 b,409.3264,953.7,2016
Kepler-471 b,424.263,1701.9,2016
Kepler-472 b,91.2086,970.2,2016
Kepler-473 b,115.6792,941.1,2016
Kepler-474 b,86.7594,1164.5,2016
Kepler-475 b,70.5516,1078.5,2016
Kepler-476 b,87.395,867,2016
Kepler-477 b,58.793,736,2016
Kepler-478 b,76.9076,697.8,2016
Kepler-479 b,60.0642,719.2,2016
Kepler-48 b,3.8136,1024.2,2012
Kepler-48 c,14.6188,809.6,2012
Kepler-48 d,57.8396,492.8,2014
Kepler-480 b,78.8144,1428.8,2016
Kepler-481 b,70.8694,965.4,2016
Kepler-482 b,67.0558,389.8,2016
Kepler-483 b,90.8908,816.9,2016
Kepler-484 b,64.5134,850.2,2016
Kepler-485 b,408.6908,1432,2016
Kepler-486 b,311.7618,490.2,2016
Kepler-487 b,323.8382,719.3,2016
Kepler-487 c,75.9542,528.8,2016
Kepler-488 b,447.7802,1453.5,2016
Kepler-489 b,218.9642,602.3,2016
Kepler-49 b,76.9076,570.4,2014
Kepler-49 c,72.1406,496.6,2014
Kepler-49 d,45.4454,799.2,2014
Kepler-49 e,44.1742,413.5,2014
Kepler-490 b,330.1942,1466.7,2016
Kepler-491 b,252.9688,1199.8,2016
Kepler-492 b,272.0368,808.2,2016
Kepler-493 b,429.03,1818.3,2016
Kepler-494 b,202.4386,1142.4,2016
Kepler-495 b,148.4126,1143.2,2016
Kepler-496 b,65.7846,836.3,2016
Kepler-497 b,171.2942,1365.9,2016
Kepler-498 b,85.806,915.3,2016
Kepler-499 b,61.6532,959.4,2016
Kepler-5 b,671.1936,1806.5,2010
Kepler-50 b,62.2888,1393.8,2012
Kepler-50 c,79.1322,1311.5,2012
Kepler-500 b,73.094,992.7,2016
Kepler-501 b,122.0352,1160,2016
Kepler-502 b,135.3828,1402.2,2016
Kepler-503 b,177.6502,1027.6,2016
Kepler-504 b,45.1276,395,2016
Kepler-505 b,73.7296,360.9,2016
Kepler-506 b,77.5432,1197.3,2016
Kepler-507 b,36.8648,1545.3,2016
Kepler-508 b,46.3988,771.4,2016
Kepler-509 b,70.5516,649.1,2016
Kepler-51 b,199.5784,535.8,2012
Kepler-51 c,161.7602,433.4,2012
Kepler-510 b,69.916,886.6,2016
Kepler-511 b,180.1926,326.6,2016
Kepler-512 b,76.272,705.6,2016
Kepler-513 b,62.2888,674.4,2016
Kepler-514 b,48.6234,1360.5,2016
Kepler-515 b,41.314,623.5,2016
Kepler-516 b,162.7136,1099.5,2016
Kepler-517 b,75.6364,497.6,2016
Kepler-518 b,59.7464,931.4,2016
Kepler-519 b,59.4286,570.7,2016
Kepler-52 b,59.4286,564,2014
Kepler-52 c,52.1192,441.9,2014
Kepler-52 d,55.2972,330.4,2014
Kepler-520 b,47.0344,801.8,2016
Kepler-520 c,30.191,1248.5,2016
Kepler-521 b,90.2552,903.9,2016
Kepler-522 b,195.7648,853.6,2016
Kepler-523 b,55.615,990.9,2016
Kepler-524 b,54.026,1072.6,2016
Kepler-524 c,27.3308,1733.5,2016
Kepler-525 b,74.683,782.9,2016
Kepler-526 b,56.5684,1203.4,2016
Kepler-527 b,80.4034,1074.2,2016
Kepler-528 b,59.1108,760.6,2016
Kepler-529 b,52.7548,1763.6,2016
Kepler-529 c,56.5684,945.9,2016
Kepler-53 b,81.9924,720.6,2014
Kepler-53 c,89.9374,565.7,2014
Kepler-53 d,60.0642,960.8,2014
Kepler-530 b,85.4882,547.5,2016
Kepler-531 b,78.8144,490.5,2016
Kepler-532 b,72.7762,693.6,2016
Kepler-533 b,95.9756,474.7,2016
Kepler-534 b,63.56,790.9,2016
Kepler-535 b,67.0558,1361.7,2016
Kepler-536 b,88.0306,1489.7,2016
Kepler-537 b,40.0428,1319.5,2016
Kepler-538 b,64.1956,428.6,2016
Kepler-539 b,237.3966,387.2,2016
Kepler-54 b,59.4286,504.8,2014
Kepler-54 c,34.958,440.3,2014
Kepler-54 d,43.2208,395.4,2014
Kepler-540 b,76.9076,381.2,2016
Kepler-541 b,95.34,1675.5,2016
Kepler-542 b,44.492,774.9,2016
Kepler-543 b,70.8694,581.6,2016
Kepler-544 b,60.0642,829.9,2016
Kepler-545 b,76.272,880.4,2016
Kepler-546 b,198.3072,1349,2016
Kepler-547 b,113.4546,815,2016
Kepler-548 b,340.046,1113.3,2016
Kepler-549 b,72.7762,493.9,2016
Kepler-549 c,82.9458,353.6,2016
Kepler-55 b,68.9626,408.6,2014
Kepler-55 c,62.6066,356.3,2014
Kepler-55 d,45.1276,937.2,2014
Kepler-55 e,43.8564,733.2,2014
Kepler-55 f,45.1276,563,2014
Kepler-550 b,125.2132,834.8,2016
Kepler-551 b,77.5432,544.6,2016
Kepler-552 b,111.8656,1178.8,2016
Kepler-553 b,131.2514,1066.1,2016
Kepler-553 c,317.4822,246,2016
Kepler-554 b,121.7174,1470.9,2016
Kepler-555 b,80.0856,814.4,2016
Kepler-556 b,63.56,862.1,2016
Kepler-557 b,75.6364,1430.4,2016
Kepler-558 b,67.0558,543.7,2016
Kepler-559 b,102.3316,732.2,2016
Kepler-56 b,108.6876,1304.8,2012
Kepler-56 c,222.46,1029.1,2012
Kepler-560 b,48.6234,318.8,2016
Kepler-561 b,197.3538,489.7,2016
Kepler-561 c,75.9542,1086,2016
Kepler-562 b,147.777,703.9,2016
Kepler-563 b,87.7128,565.9,2016
Kepler-564 b,131.2514,1207.3,2016
Kepler-565 b,103.285,1193.9,2016
Kepler-566 b,61.0176,613.9,2016
Kepler-567 b,63.8778,637.1,2016
Kepler-568 b,64.1956,469.3,2016
Kepler-569 b,89.6196,580,2016
Kepler-57 b,61.971,873.4,2012
Kepler-57 c,43.8564,690.2,2012
Kepler-570 b,69.5982,1118.3,2016
Kepler-571 b,75.0008,1084.4,2016
Kepler-572 b,73.094,637.9,2016
Kepler-573 b,79.1322,713,2016
Kepler-574 b,67.6914,944.1,2016
Kepler-575 b,67.6914,914.2,2016
Kepler-576 b,92.7976,621.3,2016
Kepler-577 b,72.1406,518.4,2016
Kepler-578 b,56.5684,1460.4,2016
Kepler-579 b,56.5684,894.8,2016
Kepler-58 b,78.8144,949.9,2014
Kepler-58 c,81.039,825.4,2014
Kepler-58 d,83.2636,651.9,2014
Kepler-580 b,72.7762,627.6,2016
Kepler-581 b,74.683,578.8,2016
Kepler-582 b,104.2384,700.2,2016
Kepler-583 b,64.5134,982.5,2016
Kepler-584 b,119.4928,706.8,2016
Kepler-585 b,80.0856,1335.5,2016
Kepler-586 b,79.1322,1453,2016
Kepler-587 b,63.2422,824.1,2016
Kepler-588 b,74.683,1242.2,2016
Kepler-589 b,64.5134,666.6,2016
Kepler-59 b,31.78,884,2012
Kepler-59 c,57.204,769.7,2012
Kepler-590 b,114.0902,1211.1,2016
Kepler-591 b,95.9756,440.3,2016
Kepler-592 b,67.6914,1461.4,2016
Kepler-593 b,81.3568,769.2,2016
Kepler-594 b,61.6532,749.5,2016
Kepler-595 b,108.052,574.3,2016
Kepler-596 b,98.2002,867.2,2016
Kepler-597 b,67.0558,815.5,2016
Kepler-598 b,42.5852,1122.2,2016
Kepler-599 b,80.4034,647.6,2016
Kepler-6 b,212.2904,1503.6,2010
Kepler-60 b,64.5134,1274.7,2012
Kepler-60 c,69.916,1183.1,2012
Kepler-60 d,72.1406,1074.7,2012
Kepler-600 b,82.3102,587.1,2016
Kepler-601 b,54.026,926.9,2016
Kepler-602 b,59.1108,883.5,2016
Kepler-603 b,75.0008,727.3,2016
Kepler-603 c,184.324,398.6,2016
Kepler-603 d,37.5004,1092.2,2016
Kepler-604 b,73.4118,694.4,2016
Kepler-605 b,40.6784,1194.9,2016
Kepler-605 c,24.4706,1347.6,2016
Kepler-606 b,93.751,793.2,2016
Kepler-607 b,24.7884,1915.2,2016
Kepler-608 b,103.285,1085,2016
Kepler-609 b,95.0222,1159.3,2016
Kepler-61 b,61.0176,300.5,2013
Kepler-610 b,118.8572,1120.4,2016
Kepler-610 c,93.4332,401.7,2016
Kepler-611 b,46.7166,1480.3,2016
Kepler-612 b,80.4034,1244.6,2016
Kepler-613 b,64.8312,773.1,2016
Kepler-614 b,67.6914,696,2016
Kepler-615 b,49.259,644.3,2016
Kepler-616 b,68.9626,909.5,2016
Kepler-616 c,96.6112,436.6,2016
Kepler-617 b,37.5004,833.7,2016
Kepler-618 b,73.7296,1358.9,2016
Kepler-619 b,89.6196,1219.7,2016
Kepler-619 c,47.9878,2009.5,2016
Kepler-62 b,37.1826,838.1,2013
Kepler-62 c,15.2544,691.3,2013
Kepler-62 d,55.2972,577.6,2013
Kepler-62 e,45.7632,311.9,2013
Kepler-62 f,40.0428,235.6,2013
Kepler-620 b,94.0688,975.7,2016
Kepler-621 b,65.149,983.5,2016
Kepler-622 b,60.382,502.1,2016
Kepler-623 b,85.4882,848.9,2016
Kepler-624 b,65.4668,922.5,2016
Kepler-625 b,56.5684,981.3,2016
Kepler-625 c,29.8732,1207,2016
Kepler-626 b,64.8312,840.7,2016
Kepler-627 b,105.8274,752,2016
Kepler-628 b,238.0322,895.5,2016
Kepler-629 b,39.0894,899.8,2016
Kepler-63 b,173.201,865.6,2013
Kepler-630 b,90.2552,375,2016
Kepler-631 b,82.3102,905.3,2016
Kepler-632 b,62.6066,543.6,2016
Kepler-633 b,46.081,1064.6,2016
Kepler-634 b,53.7082,1341.7,2016
Kepler-635 b,75.0008,871.1,2016
Kepler-636 b,126.1666,652.9,2016
Kepler-637 b,134.7472,1085.2,2016
Kepler-638 b,51.8014,1001.2,2016
Kepler-639 b,67.3736,1040.7,2016
Kepler-640 b,72.4584,670.5,2016
Kepler-641 b,52.437,985.3,2016
Kepler-642 b,82.3102,1681,2016
Kepler-643 b,287.9268,1058.2,2016
Kepler-644 b,89.3018,1991.8,2016
Kepler-645 b,59.4286,1543.2,2016
Kepler-646 b,56.5684,746,2016
Kepler-647 b,33.0512,843.6,2016
Kepler-648 b,91.2086,749.5,2016
Kepler-649 b,64.1956,635.2,2016
Kepler-650 b,83.8992,1597.6,2016
Kepler-651 b,67.0558,648.5,2016
Kepler-652 b,70.5516,1107.3,2016
Kepler-653 b,55.2972,866.4,2016
Kepler-653 c,22.246,2198.4,2016
Kepler-654 b,58.793,883.7,2016
Kepler-655 b,76.9076,643.8,2016
Kepler-656 b,88.3484,1564.7,2016
Kepler-657 b,99.7892,691.1,2016
Kepler-658 b,46.081,1087.6,2016
Kepler-659 b,70.8694,576.5,2016
Kepler-660 b,72.7762,693,2016
Kepler-661 b,87.0772,737.4,2016
Kepler-662 b,61.6532,541.6,2016
Kepler-663 b,73.7296,985.4,2016
Kepler-664 b,75.3186,1468.2,2016
Kepler-665 b,73.7296,601,2016
Kepler-666 b,68.0092,1253.2,2016
Kepler-667 b,134.1116,502.7,2016
Kepler-668 b,76.5898,842.5,2016
Kepler-669 b,136.9718,1388.6,2016
Kepler-670 b,373.7328,1388.6,2016
Kepler-671 b,76.272,1169.4,2016
Kepler-672 b,70.8694,556.2,2016
Kepler-673 b,185.2774,1114.3,2016
Kepler-674 b,47.9878,907.3,2016
Kepler-675 b,69.2804,1156.7,2016
Kepler-676 b,86.1238,441.3,2016
Kepler-677 b,152.544,1047.5,2016
Kepler-678 b,145.8702,946.3,2016
Kepler-679 b,85.4882,754.8,2016
Kepler-68 b,6.0382,1252.9,2013
Kepler-68 c,1.9068,1034,2013
Kepler-68 d,257.418,291,2013
Kepler-680 b,68.6448,1366.4,2016
Kepler-681 b,87.395,525.9,2016
Kepler-682 b,209.1124,787.4,2016
Kepler-683 b,55.9328,1413.8,2016
Kepler-684 b,95.34,946.2,2016
Kepler-685 b,300.0032,1850,2016
Kepler-686 b,344.4952,1614.9,2016
Kepler-687 b,99.7892,544,2016
Kepler-688 b,276.8038,1230.6,2016
Kepler-689 b,81.9924,643.2,2016
Kepler-69 b,63.56,884.5,2013
Kepler-69 c,48.3056,335.6,2013
Kepler-690 b,168.7518,1090.1,2016
Kepler-691 b,59.1108,500.8,2016
Kepler-692 b,88.0306,633.3,2016
Kepler-693 b,288.5624,600.9,2016
Kepler-694 b,79.45,1038.4,2016
Kepler-695 b,261.2316,1134.9,2016
Kepler-696 b,174.1544,1298.7,2016
Kepler-697 b,116.9504,1167.5,2016
Kepler-698 b,104.2384,734.8,2016
Kepler-699 b,400.1102,554.6,2016
Kepler-7 b,138.8786,1556.6,2010
Kepler-700 b,169.7052,446,2016
Kepler-701 b,80.4034,791,2016
Kepler-702 b,259.9604,804.3,2016
Kepler-703 b,232.6296,1406.8,2016
Kepler-704 b,74.0474,1225.6,2016
Kepler-705 b,59.7464,266.1,2016
Kepler-706 b,373.415,504,2016
Kepler-707 b,37.8182,1215.7,2016
Kepler-708 b,82.9458,1315.4,2016
Kepler-709 b,82.9458,630.5,2016
Kepler-710 b,53.3904,1142,2016
Kepler-711 b,96.6112,577.8,2016
Kepler-712 b,96.6112,584.5,2016
Kepler-712 c,137.6074,264.5,2016
Kepler-713 b,70.2338,1020.9,2016
Kepler-714 b,274.2614,1073.3,2016
Kepler-715 b,106.463,951.3,2016
Kepler-716 b,82.3102,734.1,2016
Kepler-717 b,68.6448,1085.8,2016
Kepler-718 b,469.3906,1862.2,2016
Kepler-719 b,241.528,1154,2016
Kepler-720 b,238.35,1117.6,2016
Kepler-721 b,75.0008,910.5,2016
Kepler-722 b,74.683,1288,2016
Kepler-722 c,80.0856,436.5,2016
Kepler-723 b,345.7664,1142.6,2016
Kepler-724 b,93.4332,1186.1,2016
Kepler-725 b,301.2744,507.5,2016
Kepler-726 b,92.4798,633.4,2016
Kepler-727 b,71.8228,1026.4,2016
Kepler-728 b,94.7044,1059.4,2016
Kepler-729 b,101.3782,1274.2,2016
Kepler-730 b,261.2316,1063.1,2016
Kepler-731 b,393.4364,1317,2016
Kepler-732 b,61.6532,451.8,2016
Kepler-732 c,35.9114,992.6,2016
Kepler-733 b,80.0856,640.5,2016
Kepler-734 b,101.0604,911.4,2016
Kepler-735 b,83.5814,716.3,2016
Kepler-736 b,82.9458,1082.6,2016
Kepler-737 b,55.615,333.1,2016
Kepler-738 b,70.8694,586.3,2016
Kepler-739 b,94.0688,798,2016
Kepler-74 b,211.337,1476,2012
Kepler-740 b,129.6624,1160.4,2016
Kepler-741 b,84.217,1197.3,2016
Kepler-742 b,91.8442,695.3,2016
Kepler-743 b,34.3224,1197.8,2016
Kepler-744 b,46.081,819.1,2016
Kepler-745 b,61.3354,950.1,2016
Kepler-746 b,31.4622,1206.9,2016
Kepler-747 b,149.366,487.3,2016
Kepler-748 b,71.505,1088,2016
Kepler-749 b,88.0306,601,2016
Kepler-75 b,3172.9152,1292.3,2013
Kepler-750 b,87.0772,1088.8,2016
Kepler-750 c,46.081,1438.5,2016
Kepler-751 b,69.5982,671.5,2016
Kepler-752 b,79.7678,649,2016
Kepler-753 b,54.026,718.9,2016
Kepler-754 b,56.8862,862.1,2016
Kepler-755 b,49.8946,1456,2016
Kepler-755 c,35.5936,1111.5,2016
Kepler-756 b,31.78,1563.1,2016
Kepler-757 b,38.4538,2159,2016
Kepler-758 b,70.2338,1086.6,2016
Kepler-758 c,47.9878,1483.6,2016
Kepler-758 d,60.0642,911.8,2016
Kepler-758 e,43.2208,1237.7,2016
Kepler-759 b,64.5134,589.6,2016
Kepler-76 b,622.888,1983.7,2013
Kepler-760 b,86.7594,838.2,2016
Kepler-760 c,41.9496,1276,2016
Kepler-761 b,57.5218,884.1,2016
Kepler-762 b,359.4318,1354.6,2016
Kepler-763 b,34.6402,1544.2,2016
Kepler-764 b,46.3988,942.8,2016
Kepler-765 b,68.9626,686.7,2016
Kepler-766 b,95.9756,1192.9,2016
Kepler-767 b,188.1376,351.7,2016
Kepler-768 b,50.848,714.2,2016
Kepler-769 b,82.9458,1201,2016
Kepler-769 c,50.848,930.1,2016
Kepler-77 b,136.9718,1248,2013
Kepler-770 b,65.149,701.6,2016
Kepler-770 c,34.0046,1642.4,2016
Kepler-770 d,39.725,1163.2,2016
Kepler-771 b,51.4836,1007.8,2016
Kepler-772 b,51.4836,885.5,2016
Kepler-773 b,40.6784,1295.8,2016
Kepler-774 b,89.9374,1427.9,2016
Kepler-775 b,33.6868,1766.3,2016
Kepler-776 b,36.2292,937.6,2016
Kepler-777 b,41.6318,638.2,2016
Kepler-778 b,47.67,1028.1,2016
Kepler-779 b,26.0596,515,2016
Kepler-780 b,25.1062,2282.6,2016
Kepler-781 b,81.9924,688.3,2016
Kepler-782 b,90.8908,376.6,2016
Kepler-783 b,22.246,1118,2016
Kepler-784 b,44.8098,710.7,2016
Kepler-785 b,369.2836,1146,2016
Kepler-786 b,68.9626,394.2,2016
Kepler-787 b,36.2292,1269.7,2016
Kepler-788 b,72.1406,1129.8,2016
Kepler-789 b,60.0642,994.1,2016
Kepler-79 b,100.4248,931.8,2014
Kepler-79 c,107.7342,741.3,2014
Kepler-79 d,207.5234,685.1,2014
Kepler-79 e,101.0604,587.3,2014
Kepler-790 b,61.6532,690.1,2016
Kepler-791 b,86.4416,1045.7,2016
Kepler-792 b,55.615,956.6,2016
Kepler-793 b,38.7716,1208.7,2016
Kepler-794 b,59.7464,1028.5,2016
Kepler-795 b,47.67,620.9,2016
Kepler-796 b,36.8648,1073.9,2016
Kepler-797 b,61.6532,639.8,2016
Kepler-798 b,67.6914,988.6,2016
Kepler-799 b,195.1292,372.6,2016
Kepler-8 b,185.2774,1661.1,2010
Kepler-80 b,76.5898,706,2014
Kepler-80 c,80.7212,638.8,2014
Kepler-80 d,49.259,872.8,2014
Kepler-80 e,46.3988,760.5,2014
Kepler-80 f,34.958,1349.4,2016
Kepler-800 b,80.7212,704.9,2016
Kepler-801 b,56.5684,575.9,2016
Kepler-802 b,100.4248,532.6,2016
Kepler-803 b,107.4164,580.2,2016
Kepler-804 b,54.9794,843.5,2016
Kepler-804 c,32.4156,963.2,2016
Kepler-805 b,81.9924,838,2016
Kepler-806 b,32.4156,1068.6,2016
Kepler-807 b,295.554,428.8,2016
Kepler-808 b,41.314,1648.8,2016
Kepler-809 b,85.4882,513.3,2016
Kepler-81 b,68.6448,708,2014
Kepler-81 c,67.0558,559.9,2014
Kepler-81 d,34.3224,434.7,2014
Kepler-810 b,54.6616,1220.6,2016
Kepler-811 b,76.5898,767.8,2016
Kepler-812 b,100.7426,1324.2,2016
Kepler-813 b,60.6998,719.8,2016
Kepler-814 b,60.0642,1251,2016
Kepler-815 b,116.6326,1508.5,2016
Kepler-816 b,290.4692,780.4,2016
Kepler-817 b,256.1468,1286.1,2016
Kepler-818 b,144.9168,873,2016
Kepler-819 b,78.1788,522.4,2016
Kepler-82 b,113.4546,621.5,2014
Kepler-82 c,151.5906,497.6,2014
Kepler-82 d,50.2124,1361.5,2014
Kepler-82 e,69.916,1006.3,2014
Kepler-820 b,172.5654,482.5,2016
Kepler-821 b,37.1826,1324.8,2016
Kepler-822 b,50.2124,1423.5,2016
Kepler-823 b,44.492,1188,2016
Kepler-824 b,53.0726,1358,2016
Kepler-825 b,43.2208,1368,2016
Kepler-825 c,52.1192,1057,2016
Kepler-826 b,35.5936,1351.1,2016
Kepler-827 b,159.5356,499.7,2016
Kepler-828 b,42.903,1906,2016
Kepler-829 b,59.7464,1020.2,2016
Kepler-83 b,80.0856,627.2,2014
Kepler-83 c,67.0558,493.2,2014
Kepler-83 d,54.9794,714,2014
Kepler-830 b,48.3056,966,2016
Kepler-831 b,35.9114,1096.1,2016
Kepler-832 b,58.4752,963.5,2016
Kepler-833 b,57.204,477.4,2016
Kepler-834 b,57.204,570.8,2016
Kepler-835 b,79.1322,947.8,2016
Kepler-836 b,77.5432,917.1,2016
Kepler-837 b,72.4584,675.5,2016
Kepler-838 b,77.5432,779.9,2016
Kepler-839 b,72.7762,688.7,2016
Kepler-84 b,64.5134,1152.1,2014
Kepler-84 c,68.327,1011.8,2014
Kepler-84 d,39.0894,1390.2,2014
Kepler-84 e,73.7296,745.1,2014
Kepler-84 f,62.2888,633.9,2014
Kepler-840 b,484.0094,1538.5,2016
Kepler-841 b,148.4126,339.9,2016
Kepler-842 b,45.4454,1392.6,2016
Kepler-843 b,73.4118,1598.9,2016
Kepler-844 b,47.67,851.5,2016
Kepler-845 b,57.8396,1563.7,2016
Kepler-846 b,70.2338,684.9,2016
Kepler-847 b,33.369,1160.3,2016
Kepler-848 b,48.3056,1126.9,2016
Kepler-849 b,202.4386,352.2,2016
Kepler-85 b,55.9328,1056.3,2014
Kepler-85 c,61.6532,921.4,2014
Kepler-85 d,34.0046,676.6,2014
Kepler-85 e,35.9114,603.7,2014
Kepler-850 b,50.5302,1095,2016
Kepler-851 b,47.67,865.7,2016
Kepler-852 b,72.1406,618.7,2016
Kepler-853 b,47.9878,1352.6,2016
Kepler-854 b,474.1576,1812.9,2016
Kepler-855 b,236.761,1020.3,2016
Kepler-856 b,263.774,925,2016
Kepler-857 b,192.9046,450.4,2016
Kepler-858 b,137.9252,441.5,2016
Kepler-859 b,87.7128,575.6,2016
Kepler-860 b,91.8442,1195.1,2016
Kepler-861 b,64.5134,1004.5,2016
Kepler-862 b,62.6066,1174.1,2016
Kepler-863 b,82.3102,768.6,2016
Kepler-864 b,68.0092,1101.6,2016
Kepler-865 b,70.5516,770.3,2016
Kepler-866 b,46.081,1050.4,2016
Kepler-867 b,131.5692,347.5,2016
Kepler-868 b,58.1574,1078.1,2016
Kepler-869 b,102.3316,557.2,2016
Kepler-87 b,384.538,537.1,2013
Kepler-87 c,174.4722,453.7,2013
Kepler-870 b,78.8144,733.6,2016
Kepler-871 b,106.1452,772.9,2016
Kepler-872 b,56.5684,1529,2016
Kepler-873 b,106.463,850.1,2016
Kepler-874 b,111.8656,635.3,2016
Kepler-875 b,82.3102,709.7,2016
Kepler-876 b,40.6784,918.1,2016
Kepler-877 b,60.0642,634.4,2016
Kepler-878 b,54.6616,533.7,2016
Kepler-879 b,72.7762,624,2016
Kepler-880 b,75.3186,1460.5,2016
Kepler-881 b,50.5302,1291.9,2016
Kepler-882 b,34.958,1129.6,2016
Kepler-883 b,50.5302,927.2,2016
Kepler-884 b,34.958,1069.1,2016
Kepler-885 b,70.8694,913.8,2016
Kepler-886 b,43.2208,1210,2016
Kepler-887 b,52.1192,861.7,2016
Kepler-887 c,32.0978,1195.9,2016
Kepler-888 b,49.8946,466.9,2016
Kepler-889 b,30.8266,1447.2,2016
Kepler-89 b,9.2162,1875.5,2012
Kepler-89 c,125.2132,1529.1,2012
Kepler-89 d,96.2934,892.2,2012
Kepler-89 e,31.4622,672.3,2012
Kepler-890 b,252.0154,573.3,2016
Kepler-891 b,181.7816,551.8,2016
Kepler-892 b,79.7678,607.9,2016
Kepler-893 b,85.806,1078.4,2016
Kepler-894 b,78.8144,851.4,2016
Kepler-895 b,43.5386,884.7,2016
Kepler-896 b,71.8228,320.2,2016
Kepler-897 b,67.6914,1019.1,2016
Kepler-898 b,42.2674,682.6,2016
Kepler-899 b,75.9542,695.6,2016
Kepler-900 b,59.1108,776.2,2016
Kepler-901 b,38.7716,781.6,2016
Kepler-902 b,72.1406,553,2016
Kepler-903 b,56.8862,888,2016
Kepler-903 c,71.8228,486.5,2016
Kepler-904 b,50.2124,1601.7,2016
Kepler-905 b,40.0428,1023.8,2016
Kepler-906 b,59.7464,599.9,2016
Kepler-907 b,34.0046,971.3,2016
Kepler-908 b,34.6402,1941.7,2016
Kepler-909 b,41.6318,952.3,2016
Kepler-910 b,23.1994,1899.3,2016
Kepler-911 b,73.7296,1037.3,2016
Kepler-912 b,79.45,1579.4,2016
Kepler-913 b,58.4752,626.3,2016
Kepler-914 b,39.0894,1303.7,2016
Kepler-915 b,42.5852,1456.3,2016
Kepler-916 b,49.8946,525.2,2016
Kepler-917 b,54.026,1175.3,2016
Kepler-918 b,49.259,1287.5,2016
Kepler-919 b,63.8778,1016.6,2016
Kepler-920 b,68.6448,936.4,2016
Kepler-920 c,107.7342,376.1,2016
Kepler-921 b,81.3568,507.2,2016
Kepler-922 b,40.3606,1941.7,2016
Kepler-923 b,39.0894,1193.9,2016
Kepler-924 b,87.0772,585.7,2016
Kepler-925 b,66.4202,441.2,2016
Kepler-926 b,65.4668,537.6,2016
Kepler-927 b,48.6234,944.3,2016
Kepler-928 b,45.1276,904.8,2016
Kepler-929 b,31.4622,2096.1,2016
Kepler-93 b,2.5424,1134.3,2014
Kepler-930 b,60.382,599.8,2016
Kepler-931 b,37.8182,832.2,2016
Kepler-932 b,38.7716,1386.3,2016
Kepler-933 b,69.5982,713.6,2016
Kepler-934 b,59.1108,410.2,2016
Kepler-935 b,38.136,873.9,2016
Kepler-936 b,40.9962,823.8,2016
Kepler-937 b,105.5096,556.3,2016
Kepler-937 c,75.6364,423.5,2016
Kepler-938 b,62.9244,486.8,2016
Kepler-939 b,49.5768,722,2016
Kepler-94 b,99.4714,1095,2014
Kepler-940 b,94.7044,501.2,2016
Kepler-941 b,87.395,696.3,2016
Kepler-942 b,60.382,422.6,2016
Kepler-943 b,168.1162,507.7,2016
Kepler-944 b,74.683,495.9,2016
Kepler-945 b,74.683,621,2016
Kepler-946 b,54.6616,835.8,2016
Kepler-947 b,64.5134,600.9,2016
Kepler-948 b,52.437,964.7,2016
Kepler-949 b,82.628,856.4,2016
Kepler-95 b,96.929,1019.4,2014
Kepler-950 b,254.5578,439.7,2016
Kepler-951 b,158.5822,358.2,2016
Kepler-952 b,216.7396,387.5,2016
Kepler-953 b,119.4928,420.5,2016
Kepler-953 b,119.4928,420.5,2012
Kepler-953 c,33.6868,896.9,2016
Kepler-953 c,33.6868,896.9,2016
Kepler-954 b,65.7846,605.3,2016
Kepler-955 b,88.6662,706.1,2016
Kepler-956 b,85.1704,1264.3,2016
Kepler-957 b,156.0398,848.7,2016
Kepler-958 b,58.4752,823.4,2016
Kepler-959 b,124.2598,1289,2016
Kepler-96 b,8.2628,782.1,2014
Kepler-960 b,64.8312,993.3,2016
Kepler-961 b,72.1406,716.4,2016
Kepler-962 b,55.9328,772.8,2016
Kepler-963 b,75.3186,828.4,2016
Kepler-964 b,60.0642,728.3,2016
Kepler-965 b,95.9756,421.4,2016
Kepler-966 b,116.9504,436.9,2016
Kepler-967 b,66.738,694.8,2016
Kepler-967 c,103.6028,281.6,2016
Kepler-968 b,56.5684,897.9,2016
Kepler-968 c,47.9878,776.5,2016
Kepler-969 b,58.793,508.5,2016
Kepler-969 c,27.9664,1387.2,2016
Kepler-97 b,3.4958,1451.2,2014
Kepler-970 b,78.4966,528,2016
Kepler-971 b,60.382,829.7,2016
Kepler-972 b,131.887,1192.7,2016
Kepler-973 b,55.615,442.8,2016
Kepler-974 b,44.492,621.3,2016
Kepler-975 b,41.9496,1210,2016
Kepler-976 b,112.1834,355.3,2016
Kepler-977 b,74.3652,570.4,2016
Kepler-978 b,84.8526,581.1,2016
Kepler-979 b,77.2254,850.1,2016
Kepler-98 b,3.178,1743.9,2014
Kepler-980 b,75.6364,924.1,2016
Kepler-981 b,65.4668,1176.1,2016
Kepler-982 b,63.8778,934.8,2016
Kepler-983 b,67.0558,542.3,2016
Kepler-984 b,60.0642,535.7,2016
Kepler-985 b,84.5348,359.3,2016
Kepler-986 b,67.0558,505.3,2016
Kepler-987 b,92.4798,394.5,2016
Kepler-988 b,58.793,425.5,2016
Kepler-989 b,62.6066,799.4,2016
Kepler-99 b,6.356,880.4,2014
Kepler-990 b,73.7296,983.5,2016
Kepler-990 c,43.2208,2597.5,2016
Kepler-991 b,72.1406,292.5,2016
Kepler-992 b,46.081,559,2016
Kepler-993 b,84.217,381,2016
Kepler-994 b,45.4454,1047.1,2016
Kepler-995 b,76.5898,543.4,2016
Kepler-996 b,56.2506,1401.6,2016
Kepler-997 b,38.4538,1837.5,2016
Kepler-998 b,65.7846,1249.3,2016
NGC 2423 3 b,2107.3318,882.4,2007
Neptune,17.1,51,1846
OGLE-TR-10 b,199.2606,1488,2004
OGLE-TR-111 b,174.1544,1023.1,2004
OGLE-TR-113 b,398.839,1342.8,2004
OGLE-TR-132 b,371.5082,1974.5,2004
OGLE-TR-182 b,324.7916,1345.7,2007
OGLE-TR-211 b,239.3034,1724.5,2007
OGLE-TR-56 b,430.3012,2206,2002
OGLE2-TR-L9 b,1430.7356,2033.8,2007
PH-2 b,286.6556,388.9,2013
Qatar-1 b,344.1774,1389,2010
Qatar-2 b,789.0974,1289.4,2011
TRAPPIST-1 b,32.4156,399.1,2016
TRAPPIST-1 c,29.5554,341,2016
TrES-1 b,238.9856,1143.4,2004
TrES-3 b,595.2394,1628.6,2007
TrES-5 b,562.506,1481.8,2011
Uranus,14.5,64,1781
WASP-1 b,263.1384,1848.7,2006
WASP-10 b,1013.782,985.6,2008
WASP-100 b,638.4602,2199.9,2013
WASP-101 b,156.9932,1553.9,2013
WASP-103 b,471.933,2504.4,2014
WASP-104 b,401.6992,1516.1,2014
WASP-106 b,576.807,1154.3,2014
WASP-11 b,171.612,952.9,2008
WASP-117 b,87.395,1225.5,2014
WASP-12 b,428.7122,2649.1,2008
WASP-13 b,150.0016,1553.1,2008
WASP-135 b,598.0996,1712.3,2015
WASP-14 b,2432.759,1954.4,2008
WASP-15 b,171.9298,1651.8,2008
WASP-16 b,266.6342,1307.6,2009
WASP-17 b,161.4424,1548.1,2009
WASP-18 b,3198.3392,2407.9,2009
WASP-19 b,354.0292,2070.4,2009
WASP-20 b,98.518,1381.8,2011
WASP-21 b,95.34,1261.2,2010
WASP-22 b,177.6502,1437.1,2010
WASP-23 b,277.1216,1128.7,2010
WASP-24 b,344.4952,1768.3,2010
WASP-25 b,183.6884,1221.7,2010
WASP-26 b,320.6602,1412.3,2010
WASP-28 b,287.609,1467.7,2010
WASP-29 b,77.2254,988.5,2010
WASP-3 b,636.8712,1990.1,2007
WASP-31 b,151.5906,1574.5,2010
WASP-32 b,1093.5498,1564.4,2010
WASP-33 b,475.7466,2693.2,2010
WASP-34 b,184.6418,1184.1,2010
WASP-35 b,227.8626,1451.9,2011
WASP-36 b,716.639,1699.1,2010
WASP-37 b,569.8154,1325.7,2010
WASP-38 b,860.9202,1275.1,2010
WASP-39 b,90.2552,1117.5,2011
WASP-4 b,388.6694,1670.2,2007
WASP-41 b,298.4142,1243.6,2010
WASP-41 c,945.455,304.4,2015
WASP-42 b,157.9466,988,2011
WASP-43 b,559.6458,1374.9,2011
WASP-44 b,282.2064,1347.4,2011
WASP-45 b,318.4356,1196.4,2011
WASP-46 b,662.613,1658,2011
WASP-47 b,356.8894,1277,2011
WASP-47 c,393.1186,265,2015
WASP-47 d,102.9672,986.3,2015
WASP-48 b,308.266,2033.2,2011
WASP-49 b,119.8106,1370.2,2011
WASP-5 b,514.836,1741.4,2007
WASP-50 b,465.2592,1398.8,2011
WASP-52 b,144.9168,1300.8,2011
WASP-54 b,200.214,1843.2,2011
WASP-55 b,181.4638,1269.1,2011
WASP-56 b,192.269,1201.6,2011
WASP-57 b,214.515,1255.9,2011
WASP-58 b,282.842,1275.9,2011
WASP-59 b,272.9902,700.9,2011
WASP-6 b,165.5738,1217,2008
WASP-60 b,162.7136,1317.9,2011
WASP-61 b,653.079,1549.3,2011
WASP-62 b,178.6036,1426.9,2011
WASP-63 b,120.1284,1530.6,2011
WASP-64 b,403.2882,1690.1,2011
WASP-66 b,733.4824,1801.1,2011
WASP-67 b,132.8404,1027.6,2011
WASP-68 b,303.8168,1485.5,2011
WASP-69 b,82.3102,960.5,2011
WASP-7 b,292.0582,1395.2,2008
WASP-70 A b,187.1842,1375,2011
WASP-72 b,446.8268,2060.4,2012
WASP-73 b,597.1462,1780.7,2013
WASP-74 b,298.732,1922.3,2014
WASP-75 b,337.5036,1704.5,2013
WASP-77 A b,559.0102,1670.9,2012
WASP-78 b,279.0284,2294.7,2012
WASP-79 b,281.253,1762.2,2012
WASP-8 b,679.1386,1116.1,2008
WASP-80 b,175.4256,813.4,2013
WASP-82 b,396.2966,2178.8,2013
WASP-83 b,94.0688,1114.3,2014
WASP-84 b,220.5532,795.8,2013
WASP-88 b,178.9214,1762.1,2013
WASP-89 b,1850.2316,1206.5,2014
WASP-94 A b,133.1582,1503.5,2014
WASP-94 B b,197.036,1849.3,2014
WASP-95 b,382.3134,1617.4,2013
WASP-96 b,151.9084,1285.3,2013
WASP-97 b,418.5426,1539.9,2013
WASP-98 b,263.1384,1185.1,2013
WASP-99 b,882.2128,1469.6,2013
WTS-1 b,1267.0686,1535.3,2012
WTS-2 b,353.0758,1543.9,2014
XO-1 b,291.7404,1206.9,2006
XO-2S b,82.3102,791.9,2014
XO-2S c,435.7038,414.2,2014
XO-3 b,4148.879,2425.6,2007
XO-5 b,365.7878,1207,2008
eta Cet b,810.0722,792.4,2014
eta Cet c,1044.6086,603.4,2014
kappa CrB b,627.655,343,2007
mu Leo b,762.72,728.6,2014
xi Aql b,565.3662,1001.6,2008
